--
-- PostgreSQL database dump
--

-- Dumped from database version 14.4
-- Dumped by pg_dump version 14.4

SET statement_timeout = 0;
SET lock_timeout = 0;
SET idle_in_transaction_session_timeout = 0;
SET client_encoding = 'UTF8';
SET standard_conforming_strings = on;
SELECT pg_catalog.set_config('search_path', '', false);
SET check_function_bodies = false;
SET xmloption = content;
SET client_min_messages = warning;
SET row_security = off;

--
-- Data for Name: accounts; Type: TABLE DATA; Schema: public; Owner: postgres
--

INSERT INTO public.accounts (account_id, parent_account_id, name, domain, avatar, mode, cus_mail, cus_id, cus_seat, cus_status, cus_plan, trail_start, trail_end, timezone, language, country, use_db, created_at, updated_at) VALUES ('3cf17266-3473-4006-984f-9325122678b7', NULL, 'Titan', 'titan.com', NULL, 0, NULL, NULL, 0, 'trialing', 2, 1679869629, 1681079229, NULL, NULL, NULL, 'psql', '2023-03-26 22:27:09.493482', 1679869629);


--
-- Data for Name: teams; Type: TABLE DATA; Schema: public; Owner: postgres
--

INSERT INTO public.teams (team_id, account_id, look_up, name, description, created_at, updated_at) VALUES ('3cf17266-3473-4006-984f-9325122678b7', '3cf17266-3473-4006-984f-9325122678b7', 'base', 'Base', 'Base is the launchpad for custom apps', '2023-03-26 22:27:09.511618', 1679869629);
INSERT INTO public.teams (team_id, account_id, look_up, name, description, created_at, updated_at) VALUES ('4a8ba6c4-804e-44de-a252-8b1d084b8767', '3cf17266-3473-4006-984f-9325122678b7', 'inc', 'Incident', 'Incident management platform', '2023-03-26 22:27:14.156353', 1679869634);


--
-- Data for Name: entities; Type: TABLE DATA; Schema: public; Owner: postgres
--

INSERT INTO public.entities (entity_id, account_id, team_id, name, display_name, category, state, status, fieldsb, metab, tags, is_public, is_core, is_shared, shared_team_ids, created_at, updated_at) VALUES ('d8e8ee53-5fdd-4efb-8e4a-1c9aa7bfb168', '3cf17266-3473-4006-984f-9325122678b7', '3cf17266-3473-4006-984f-9325122678b7', 'owners', 'Owners', 5, 1, 0, '[{"key": "5892f424-c4b2-4909-b590-2a10ea08b4b6", "who": "identifier", "meta": null, "name": "user_id", "field": null, "value": null, "ref_id": "", "choices": null, "dom_type": "NA", "ref_type": "", "data_type": "S", "dependent": null, "display_name": "User ID", "unlink_offset": 0}, {"key": "23fbb4a0-ba44-4780-a7b5-2c0919117db7", "who": "", "meta": {"layout": "title"}, "name": "name", "field": null, "value": null, "ref_id": "", "choices": null, "dom_type": "TE", "ref_type": "", "data_type": "S", "dependent": null, "display_name": "Name", "unlink_offset": 0}, {"key": "6a46007a-d5d4-403b-9803-c5e3caab1d3f", "who": "avatar", "meta": null, "name": "avatar", "field": null, "value": null, "ref_id": "", "choices": null, "dom_type": "IM", "ref_type": "", "data_type": "S", "dependent": null, "display_name": "Avatar", "unlink_offset": 0}, {"key": "9bc0f924-688a-4b86-b29f-798c8a98a4af", "who": "", "meta": null, "name": "email", "field": null, "value": null, "ref_id": "", "choices": null, "dom_type": "TE", "ref_type": "", "data_type": "S", "dependent": null, "display_name": "Email", "unlink_offset": 0}, {"key": "7bc4060b-1041-40a9-9e4f-a66ea4a97714", "who": "", "meta": null, "name": "role", "field": {"key": "id", "who": "", "meta": null, "name": "", "field": null, "value": null, "ref_id": "", "choices": null, "dom_type": "", "ref_type": "", "data_type": "S", "dependent": null, "display_name": "", "unlink_offset": 0}, "value": null, "ref_id": "", "choices": [{"id": "ADMIN", "verb": "", "color": "", "value": null, "avatar": null, "default": false, "parent_ids": null, "base_choice": false, "display_value": "ADMIN"}, {"id": "USER", "verb": "", "color": "", "value": null, "avatar": null, "default": false, "parent_ids": null, "base_choice": false, "display_value": "USER"}, {"id": "MEMBER", "verb": "", "color": "", "value": null, "avatar": null, "default": false, "parent_ids": null, "base_choice": false, "display_value": "MEMBER"}, {"id": "VISITOR", "verb": "", "color": "", "value": null, "avatar": null, "default": false, "parent_ids": null, "base_choice": false, "display_value": "VISITOR"}], "dom_type": "SE", "ref_type": "", "data_type": "L", "dependent": null, "display_name": "Role", "unlink_offset": 0}, {"key": "dec5438c-7d84-4709-9999-9177d991d1a2", "who": "", "meta": {"multi": "true"}, "name": "team_ids", "field": {"key": "id", "who": "", "meta": null, "name": "", "field": null, "value": null, "ref_id": "", "choices": null, "dom_type": "", "ref_type": "", "data_type": "S", "dependent": null, "display_name": "", "unlink_offset": 0}, "value": null, "ref_id": "", "choices": null, "dom_type": "NA", "ref_type": "", "data_type": "L", "dependent": null, "display_name": "Associated teams", "unlink_offset": 0}]', NULL, '{}', false, false, true, '{}', '2023-03-26 22:27:09.513516', 1679869629);
INSERT INTO public.entities (entity_id, account_id, team_id, name, display_name, category, state, status, fieldsb, metab, tags, is_public, is_core, is_shared, shared_team_ids, created_at, updated_at) VALUES ('deb92374-55c1-4e43-9628-2230fa245f10', '3cf17266-3473-4006-984f-9325122678b7', '3cf17266-3473-4006-984f-9325122678b7', 'notification', 'Notification', 18, 1, 0, '[{"key": "0f8a494f-6474-4c44-99f4-7f84d69378fa", "who": "", "meta": null, "name": "subject", "field": null, "value": null, "ref_id": "", "choices": null, "dom_type": "TE", "ref_type": "", "data_type": "S", "dependent": null, "display_name": "Subject", "unlink_offset": 0}, {"key": "ed395fd7-5e6d-4c67-9b4f-119fd9609e02", "who": "", "meta": null, "name": "body", "field": null, "value": null, "ref_id": "", "choices": null, "dom_type": "TE", "ref_type": "", "data_type": "S", "dependent": null, "display_name": "Body", "unlink_offset": 0}, {"key": "7ab580ad-0bce-4821-9dd9-9c1998a0dd38", "who": "", "meta": null, "name": "type", "field": null, "value": null, "ref_id": "", "choices": null, "dom_type": "TE", "ref_type": "", "data_type": "S", "dependent": null, "display_name": "Type", "unlink_offset": 0}, {"key": "48ad0c9c-dfbf-47b2-b584-8a7757154db1", "who": "", "meta": null, "name": "category", "field": null, "value": null, "ref_id": "", "choices": null, "dom_type": "TE", "ref_type": "", "data_type": "S", "dependent": null, "display_name": "category", "unlink_offset": 0}, {"key": "a7cd05f4-09d2-48e0-a321-39689a6a38c2", "who": "", "meta": null, "name": "created_at", "field": null, "value": null, "ref_id": "", "choices": null, "dom_type": "TE", "ref_type": "", "data_type": "S", "dependent": null, "display_name": "Created At", "unlink_offset": 0}, {"key": "de3942e3-5d97-4f9f-a0f9-82ea4486f68c", "who": "", "meta": null, "name": "account_id", "field": null, "value": null, "ref_id": "", "choices": null, "dom_type": "TE", "ref_type": "", "data_type": "S", "dependent": null, "display_name": "Account", "unlink_offset": 0}, {"key": "5af26c51-b7ce-459f-8e67-7546543c7c50", "who": "", "meta": null, "name": "team_id", "field": null, "value": null, "ref_id": "", "choices": null, "dom_type": "TE", "ref_type": "", "data_type": "S", "dependent": null, "display_name": "Team", "unlink_offset": 0}, {"key": "2c5f1928-7430-4ffd-a05c-189bba8b4f04", "who": "", "meta": null, "name": "entity_id", "field": null, "value": null, "ref_id": "", "choices": null, "dom_type": "TE", "ref_type": "", "data_type": "S", "dependent": null, "display_name": "Entity", "unlink_offset": 0}, {"key": "c27392c3-71fc-4231-ad2d-83bedcc2c123", "who": "", "meta": null, "name": "user_id", "field": null, "value": null, "ref_id": "", "choices": null, "dom_type": "TE", "ref_type": "", "data_type": "S", "dependent": null, "display_name": "User", "unlink_offset": 0}, {"key": "eb7c6f4b-94db-40db-94a1-93e1777c2d19", "who": "", "meta": null, "name": "user_name", "field": null, "value": null, "ref_id": "", "choices": null, "dom_type": "TE", "ref_type": "", "data_type": "S", "dependent": null, "display_name": "User Name", "unlink_offset": 0}, {"key": "7444a975-f2a3-49b2-97c5-cde23ac2ebe0", "who": "", "meta": null, "name": "user_avatar", "field": null, "value": null, "ref_id": "", "choices": null, "dom_type": "TE", "ref_type": "", "data_type": "S", "dependent": null, "display_name": "User Name", "unlink_offset": 0}, {"key": "1719c69a-4f60-48c2-bc07-d6b564fd3b15", "who": "", "meta": null, "name": "item_id", "field": null, "value": null, "ref_id": "", "choices": null, "dom_type": "TE", "ref_type": "", "data_type": "S", "dependent": null, "display_name": "Item", "unlink_offset": 0}, {"key": "ddf426af-b0eb-4571-a39c-6e690aea6e8f", "who": "follower", "meta": null, "name": "followers", "field": {"key": "id", "who": "", "meta": null, "name": "", "field": null, "value": "--", "ref_id": "", "choices": null, "dom_type": "", "ref_type": "", "data_type": "S", "dependent": null, "display_name": "", "unlink_offset": 0}, "value": null, "ref_id": "d8e8ee53-5fdd-4efb-8e4a-1c9aa7bfb168", "choices": null, "dom_type": "SE", "ref_type": "", "data_type": "R", "dependent": null, "display_name": "Followers", "unlink_offset": 0}, {"key": "6ff280cd-7df8-4285-b9e0-b0db8aba7ee5", "who": "assignee", "meta": null, "name": "assignees", "field": {"key": "id", "who": "", "meta": null, "name": "", "field": null, "value": "--", "ref_id": "", "choices": null, "dom_type": "", "ref_type": "", "data_type": "S", "dependent": null, "display_name": "", "unlink_offset": 0}, "value": null, "ref_id": "d8e8ee53-5fdd-4efb-8e4a-1c9aa7bfb168", "choices": null, "dom_type": "SE", "ref_type": "", "data_type": "R", "dependent": null, "display_name": "Assignees", "unlink_offset": 0}, {"key": "931d0e60-a712-4050-abd0-74617ed32ac2", "who": "", "meta": null, "name": "base_ids", "field": {"key": "id", "who": "", "meta": null, "name": "", "field": null, "value": null, "ref_id": "", "choices": null, "dom_type": "", "ref_type": "", "data_type": "S", "dependent": null, "display_name": "", "unlink_offset": 0}, "value": null, "ref_id": "", "choices": null, "dom_type": "MS", "ref_type": "", "data_type": "L", "dependent": null, "display_name": "Base Ids", "unlink_offset": 0}]', NULL, '{}', false, false, true, '{}', '2023-03-26 22:27:09.538472', 1679869629);
INSERT INTO public.entities (entity_id, account_id, team_id, name, display_name, category, state, status, fieldsb, metab, tags, is_public, is_core, is_shared, shared_team_ids, created_at, updated_at) VALUES ('6ca67fe2-4946-41dd-b538-73ccb0bbf256', '3cf17266-3473-4006-984f-9325122678b7', '3cf17266-3473-4006-984f-9325122678b7', 'email_config', 'Email Integrations', 10, 1, 0, '[{"key": "1471ac4e-8f5c-4c72-883e-15689b43fbbf", "who": "", "meta": {"config": "true"}, "name": "account_id", "field": null, "value": null, "ref_id": "", "choices": null, "dom_type": "NA", "ref_type": "", "data_type": "S", "dependent": null, "display_name": "", "unlink_offset": 0}, {"key": "1571f528-c3dc-429e-ab23-375c6942f1bd", "who": "", "meta": {"config": "true"}, "name": "team_id", "field": null, "value": null, "ref_id": "", "choices": null, "dom_type": "NA", "ref_type": "", "data_type": "S", "dependent": null, "display_name": "", "unlink_offset": 0}, {"key": "661983cc-acdf-444f-af2c-bf8eb87dc595", "who": "", "meta": {"layout": "sub-title"}, "name": "domain", "field": null, "value": null, "ref_id": "", "choices": null, "dom_type": "NA", "ref_type": "", "data_type": "S", "dependent": null, "display_name": "Domain", "unlink_offset": 0}, {"key": "74921d26-9be0-46aa-9b88-f300df4bc519", "who": "", "meta": {"config": "true"}, "name": "api_key", "field": null, "value": null, "ref_id": "", "choices": null, "dom_type": "NA", "ref_type": "", "data_type": "S", "dependent": null, "display_name": "API Key", "unlink_offset": 0}, {"key": "7465acc9-2aa8-4f7f-b8fb-3c6a2863b220", "who": "", "meta": {"layout": "super-title"}, "name": "email", "field": null, "value": null, "ref_id": "", "choices": null, "dom_type": "TE", "ref_type": "", "data_type": "S", "dependent": null, "display_name": "E-Mail", "unlink_offset": 0}, {"key": "d6f4a7ca-de13-4a96-83cd-cb5d3379808f", "who": "", "meta": {"config": "true"}, "name": "common", "field": null, "value": null, "ref_id": "", "choices": null, "dom_type": "NA", "ref_type": "", "data_type": "S", "dependent": null, "display_name": "", "unlink_offset": 0}, {"key": "139628b6-151c-4a74-a8ac-22875dc2239e", "who": "", "meta": {"layout": "title", "display_gex": "9bc0f924-688a-4b86-b29f-798c8a98a4af"}, "name": "owner", "field": {"key": "id", "who": "", "meta": null, "name": "", "field": null, "value": "--", "ref_id": "", "choices": null, "dom_type": "", "ref_type": "", "data_type": "S", "dependent": null, "display_name": "", "unlink_offset": 0}, "value": null, "ref_id": "d8e8ee53-5fdd-4efb-8e4a-1c9aa7bfb168", "choices": null, "dom_type": "SE", "ref_type": "", "data_type": "R", "dependent": null, "display_name": "Associated To", "unlink_offset": 0}, {"key": "139da5f8-bf56-4c6a-98ce-324ec57f20ae", "who": "", "meta": {"config": "true"}, "name": "history_id", "field": null, "value": null, "ref_id": "", "choices": null, "dom_type": "NA", "ref_type": "", "data_type": "S", "dependent": null, "display_name": "", "unlink_offset": 0}]', NULL, '{}', false, false, true, '{}', '2023-03-26 22:27:09.543025', 1679869629);
INSERT INTO public.entities (entity_id, account_id, team_id, name, display_name, category, state, status, fieldsb, metab, tags, is_public, is_core, is_shared, shared_team_ids, created_at, updated_at) VALUES ('6a1ef06f-9aeb-4a9b-a45b-e7faa9d72a5d', '3cf17266-3473-4006-984f-9325122678b7', '3cf17266-3473-4006-984f-9325122678b7', 'calendar', 'Calendar', 15, 1, 0, '[{"key": "9654223b-ad49-46dd-a731-726a790c76c7", "who": "", "meta": {"layout": "sub-title"}, "name": "id", "field": null, "value": null, "ref_id": "", "choices": null, "dom_type": "NA", "ref_type": "", "data_type": "S", "dependent": null, "display_name": "Calendar ID", "unlink_offset": 0}, {"key": "47c02aca-8045-46d7-9d2e-0a21a261fc41", "who": "", "meta": {"config": "true"}, "name": "api_key", "field": null, "value": null, "ref_id": "", "choices": null, "dom_type": "NA", "ref_type": "", "data_type": "S", "dependent": null, "display_name": "API Key", "unlink_offset": 0}, {"key": "f9bbf7a5-feb0-4f5e-99b7-2caebe447f6a", "who": "", "meta": {"layout": "super-title"}, "name": "email", "field": null, "value": null, "ref_id": "", "choices": null, "dom_type": "TE", "ref_type": "", "data_type": "S", "dependent": null, "display_name": "E-Mail", "unlink_offset": 0}, {"key": "953fa97b-a490-4b16-9766-6fbdfbc62607", "who": "", "meta": {"config": "true"}, "name": "common", "field": null, "value": null, "ref_id": "", "choices": null, "dom_type": "NA", "ref_type": "", "data_type": "S", "dependent": null, "display_name": "", "unlink_offset": 0}, {"key": "9cb9be8c-562d-4b66-a1e0-d02b20bed58b", "who": "", "meta": {"layout": "title", "display_gex": "9bc0f924-688a-4b86-b29f-798c8a98a4af"}, "name": "owner", "field": {"key": "id", "who": "", "meta": null, "name": "", "field": null, "value": "--", "ref_id": "", "choices": null, "dom_type": "", "ref_type": "", "data_type": "S", "dependent": null, "display_name": "", "unlink_offset": 0}, "value": null, "ref_id": "d8e8ee53-5fdd-4efb-8e4a-1c9aa7bfb168", "choices": null, "dom_type": "SE", "ref_type": "", "data_type": "R", "dependent": null, "display_name": "Associated To", "unlink_offset": 0}, {"key": "af553ed6-94b3-41a8-9c43-4e6e51fc9b0a", "who": "", "meta": null, "name": "sync_token", "field": null, "value": null, "ref_id": "", "choices": null, "dom_type": "TE", "ref_type": "", "data_type": "S", "dependent": null, "display_name": "Sync Token", "unlink_offset": 0}, {"key": "d9b7ddf8-2205-4929-8ff7-e4f8213ec954", "who": "", "meta": null, "name": "synced_at", "field": null, "value": null, "ref_id": "", "choices": null, "dom_type": "TE", "ref_type": "", "data_type": "T", "dependent": null, "display_name": "Last Synced", "unlink_offset": 0}, {"key": "5a62041c-09bc-48d9-984e-4c58a2be3c3b", "who": "", "meta": null, "name": "retries", "field": null, "value": null, "ref_id": "", "choices": null, "dom_type": "TE", "ref_type": "", "data_type": "S", "dependent": null, "display_name": "Retries", "unlink_offset": 0}]', NULL, '{}', false, false, true, '{}', '2023-03-26 22:27:09.549922', 1679869629);
INSERT INTO public.entities (entity_id, account_id, team_id, name, display_name, category, state, status, fieldsb, metab, tags, is_public, is_core, is_shared, shared_team_ids, created_at, updated_at) VALUES ('219b5106-f25a-48d7-87d9-ffde2422ce7c', '3cf17266-3473-4006-984f-9325122678b7', '3cf17266-3473-4006-984f-9325122678b7', 'flows', 'Flow', 11, 1, 0, '[{"key": "c40e72dc-6bb6-492e-88c7-8316d4ac41e9", "who": "", "meta": null, "name": "flow_id", "field": null, "value": null, "ref_id": "", "choices": null, "dom_type": "SE", "ref_type": "", "data_type": "R", "dependent": null, "display_name": "ID", "unlink_offset": 0}, {"key": "53c58ecc-8b09-4141-b2e5-577def439b0b", "who": "", "meta": null, "name": "flow_name", "field": null, "value": null, "ref_id": "", "choices": null, "dom_type": "TE", "ref_type": "", "data_type": "S", "dependent": null, "display_name": "Name", "unlink_offset": 0}]', NULL, '{}', false, false, true, '{}', '2023-03-26 22:27:09.553003', 1679869629);
INSERT INTO public.entities (entity_id, account_id, team_id, name, display_name, category, state, status, fieldsb, metab, tags, is_public, is_core, is_shared, shared_team_ids, created_at, updated_at) VALUES ('48055413-4df7-44a0-a3d8-f3d6a191f79c', '3cf17266-3473-4006-984f-9325122678b7', '3cf17266-3473-4006-984f-9325122678b7', 'nodes', 'Node', 12, 1, 0, '[{"key": "6387ef20-39cc-4390-ad89-c3d2f4fc6a17", "who": "", "meta": null, "name": "node_id", "field": null, "value": null, "ref_id": "", "choices": null, "dom_type": "SE", "ref_type": "", "data_type": "R", "dependent": null, "display_name": "ID", "unlink_offset": 0}]', NULL, '{}', false, false, true, '{}', '2023-03-26 22:27:09.554062', 1679869629);
INSERT INTO public.entities (entity_id, account_id, team_id, name, display_name, category, state, status, fieldsb, metab, tags, is_public, is_core, is_shared, shared_team_ids, created_at, updated_at) VALUES ('bc02ef95-c888-4eb7-a8ee-e57611ac13ce', '3cf17266-3473-4006-984f-9325122678b7', '3cf17266-3473-4006-984f-9325122678b7', 'visitor_invite', 'Visitors', 19, 1, 0, '[{"key": "7b161ef5-c1e5-49dd-ac63-04ea2312141c", "who": "", "meta": {"html": "true"}, "name": "email", "field": null, "value": null, "ref_id": "", "choices": null, "dom_type": "DEMS", "ref_type": "", "data_type": "S", "dependent": null, "display_name": "To Email", "unlink_offset": 0}, {"key": "4cd0ae3d-611e-4b46-8292-80c318aa5b98", "who": "", "meta": {"multi": "false"}, "name": "role", "field": {"key": "id", "who": "", "meta": null, "name": "", "field": null, "value": null, "ref_id": "", "choices": null, "dom_type": "", "ref_type": "", "data_type": "S", "dependent": null, "display_name": "", "unlink_offset": 0}, "value": null, "ref_id": "", "choices": [{"id": "ADMIN", "verb": "", "color": "", "value": null, "avatar": null, "default": false, "parent_ids": null, "base_choice": false, "display_value": "ADMIN"}, {"id": "MEMBER", "verb": "", "color": "", "value": null, "avatar": null, "default": false, "parent_ids": null, "base_choice": false, "display_value": "MEMBER"}, {"id": "USER", "verb": "", "color": "", "value": null, "avatar": null, "default": false, "parent_ids": null, "base_choice": false, "display_value": "USER"}, {"id": "VISITOR", "verb": "", "color": "", "value": null, "avatar": null, "default": false, "parent_ids": null, "base_choice": false, "display_value": "VISITOR"}], "dom_type": "SE", "ref_type": "", "data_type": "L", "dependent": null, "display_name": "Role", "unlink_offset": 0}, {"key": "08f07cda-443e-42b2-b4bb-11da9c4a3030", "who": "", "meta": {"html": "true"}, "name": "body", "field": null, "value": null, "ref_id": "", "choices": null, "dom_type": "TE", "ref_type": "", "data_type": "S", "dependent": null, "display_name": "Message", "unlink_offset": 0}]', NULL, '{}', false, false, true, '{}', '2023-03-26 22:27:09.554933', 1679869629);
INSERT INTO public.entities (entity_id, account_id, team_id, name, display_name, category, state, status, fieldsb, metab, tags, is_public, is_core, is_shared, shared_team_ids, created_at, updated_at) VALUES ('23f3e59e-fa70-434b-81b0-1765b2cdceb5', '3cf17266-3473-4006-984f-9325122678b7', '3cf17266-3473-4006-984f-9325122678b7', 'delay', 'Delay Timer', 7, 1, 0, '[{"key": "a8d86226-012d-49b5-892c-79a18ca4b851", "who": "", "meta": {"layout": "title"}, "name": "title", "field": null, "value": null, "ref_id": "", "choices": null, "dom_type": "TE", "ref_type": "", "data_type": "S", "dependent": null, "display_name": "Title", "unlink_offset": 0}, {"key": "f02bdf74-cadf-4997-965b-344bd3263c40", "who": "", "meta": null, "name": "delay_by", "field": null, "value": null, "ref_id": "", "choices": null, "dom_type": "TE", "ref_type": "", "data_type": "N", "dependent": null, "display_name": "Delay in mins", "unlink_offset": 0}]', NULL, '{}', false, false, true, '{}', '2023-03-26 22:27:09.555636', 1679869629);
INSERT INTO public.entities (entity_id, account_id, team_id, name, display_name, category, state, status, fieldsb, metab, tags, is_public, is_core, is_shared, shared_team_ids, created_at, updated_at) VALUES ('b1da1c69-e925-4118-9328-d059778e38d5', '3cf17266-3473-4006-984f-9325122678b7', '4a8ba6c4-804e-44de-a252-8b1d084b8767', 'emails', 'Emails', 4, 0, 0, '[{"key": "63e3314c-4184-4510-b8b3-84593a697e25", "who": "", "meta": null, "name": "message_id", "field": null, "value": null, "ref_id": "", "choices": null, "dom_type": "NA", "ref_type": "", "data_type": "S", "dependent": null, "display_name": "Message ID", "unlink_offset": 0}, {"key": "b554a854-f543-4653-bfe2-615cb5e72f36", "who": "", "meta": null, "name": "message_sent", "field": null, "value": null, "ref_id": "", "choices": null, "dom_type": "NA", "ref_type": "", "data_type": "S", "dependent": null, "display_name": "Message Sent", "unlink_offset": 0}, {"key": "5e876e2f-fd24-4d5c-8b13-bef920564352", "who": "", "meta": {"hidden": "true"}, "name": "rfrom", "field": {"key": "id", "who": "", "meta": null, "name": "", "field": null, "value": null, "ref_id": "", "choices": null, "dom_type": "", "ref_type": "", "data_type": "S", "dependent": null, "display_name": "", "unlink_offset": 0}, "value": null, "ref_id": "", "choices": null, "dom_type": "MS", "ref_type": "", "data_type": "L", "dependent": null, "display_name": "Receving From", "unlink_offset": 0}, {"key": "efab1334-1af1-4989-8908-0e1192aac923", "who": "", "meta": {"display_gex": "7465acc9-2aa8-4f7f-b8fb-3c6a2863b220"}, "name": "from", "field": {"key": "id", "who": "", "meta": null, "name": "", "field": null, "value": "--", "ref_id": "", "choices": null, "dom_type": "", "ref_type": "", "data_type": "S", "dependent": null, "display_name": "", "unlink_offset": 0}, "value": null, "ref_id": "6ca67fe2-4946-41dd-b538-73ccb0bbf256", "choices": null, "dom_type": "AC", "ref_type": "", "data_type": "R", "dependent": null, "display_name": "From", "unlink_offset": 0}, {"key": "e177c724-1760-49fe-8019-66fcb5c567df", "who": "", "meta": {"required": "true"}, "name": "to", "field": {"key": "id", "who": "", "meta": null, "name": "", "field": null, "value": null, "ref_id": "", "choices": null, "dom_type": "", "ref_type": "", "data_type": "S", "dependent": null, "display_name": "", "unlink_offset": 0}, "value": null, "ref_id": "", "choices": null, "dom_type": "MS", "ref_type": "", "data_type": "L", "dependent": null, "display_name": "To", "unlink_offset": 0}, {"key": "11aba6c8-57bd-42ee-a4a4-3e21e80513d9", "who": "", "meta": null, "name": "cc", "field": {"key": "id", "who": "", "meta": null, "name": "", "field": null, "value": null, "ref_id": "", "choices": null, "dom_type": "", "ref_type": "", "data_type": "S", "dependent": null, "display_name": "", "unlink_offset": 0}, "value": null, "ref_id": "", "choices": null, "dom_type": "MS", "ref_type": "", "data_type": "L", "dependent": null, "display_name": "Cc", "unlink_offset": 0}, {"key": "f542f031-8885-40e8-ac74-f382561192e8", "who": "", "meta": null, "name": "bcc", "field": {"key": "id", "who": "", "meta": null, "name": "", "field": null, "value": null, "ref_id": "", "choices": null, "dom_type": "", "ref_type": "", "data_type": "S", "dependent": null, "display_name": "", "unlink_offset": 0}, "value": null, "ref_id": "", "choices": null, "dom_type": "MS", "ref_type": "", "data_type": "L", "dependent": null, "display_name": "Bcc", "unlink_offset": 0}, {"key": "3c058501-ee4e-4fa4-8f4e-498fbb215cc4", "who": "", "meta": {"html": "true", "layout": "title"}, "name": "subject", "field": null, "value": null, "ref_id": "", "choices": null, "dom_type": "TE", "ref_type": "", "data_type": "S", "dependent": null, "display_name": "Subject", "unlink_offset": 0}, {"key": "adfa7e23-3479-45cc-aec6-08a98636d52e", "who": "", "meta": {"html": "true"}, "name": "body", "field": null, "value": null, "ref_id": "", "choices": null, "dom_type": "TA", "ref_type": "", "data_type": "S", "dependent": null, "display_name": "Body", "unlink_offset": 0}]', NULL, '{}', false, false, false, '{}', '2023-03-26 22:27:14.165881', 1679869634);
INSERT INTO public.entities (entity_id, account_id, team_id, name, display_name, category, state, status, fieldsb, metab, tags, is_public, is_core, is_shared, shared_team_ids, created_at, updated_at) VALUES ('d709fe09-7c42-42b6-b87b-93fb6506b635', '3cf17266-3473-4006-984f-9325122678b7', '4a8ba6c4-804e-44de-a252-8b1d084b8767', 'stream', 'Streams', 17, 0, 0, '[{"key": "4d5e119d-9e8c-4e71-91c5-21723e2f2ca3", "who": "", "meta": {"layout": "title"}, "name": "title", "field": null, "value": null, "ref_id": "", "choices": null, "dom_type": "TE", "ref_type": "", "data_type": "S", "dependent": null, "display_name": "Title", "unlink_offset": 0}, {"key": "cafb1f8a-9cd8-4980-8d09-f67f2214b5ea", "who": "", "meta": {"layout": "sub-title"}, "name": "label", "field": null, "value": null, "ref_id": "", "choices": null, "dom_type": "TE", "ref_type": "", "data_type": "S", "dependent": null, "display_name": "Label", "unlink_offset": 0}, {"key": "821edf32-a0f3-4ec2-9804-c0ae16b48c13", "who": "follower", "meta": {"layout": "users", "display_gex": "23fbb4a0-ba44-4780-a7b5-2c0919117db7"}, "name": "followers", "field": {"key": "id", "who": "", "meta": null, "name": "", "field": null, "value": "--", "ref_id": "", "choices": null, "dom_type": "", "ref_type": "", "data_type": "S", "dependent": null, "display_name": "", "unlink_offset": 0}, "value": null, "ref_id": "d8e8ee53-5fdd-4efb-8e4a-1c9aa7bfb168", "choices": null, "dom_type": "SE", "ref_type": "", "data_type": "R", "dependent": null, "display_name": "Followers", "unlink_offset": 0}]', NULL, '{}', false, false, false, '{}', '2023-03-26 22:27:14.16941', 1679869634);
INSERT INTO public.entities (entity_id, account_id, team_id, name, display_name, category, state, status, fieldsb, metab, tags, is_public, is_core, is_shared, shared_team_ids, created_at, updated_at) VALUES ('888b45ed-fa87-4dc6-819b-2ed6d6311c3e', '3cf17266-3473-4006-984f-9325122678b7', '4a8ba6c4-804e-44de-a252-8b1d084b8767', 'status', 'Status', 8, 1, 0, '[{"key": "20bbbea5-c38b-4032-88db-6e65169322c6", "who": "verb", "meta": {"layout": "verb"}, "name": "verb", "field": null, "value": null, "ref_id": "", "choices": null, "dom_type": "NA", "ref_type": "", "data_type": "S", "dependent": null, "display_name": "Verb (Internal field)", "unlink_offset": 0}, {"key": "31570e27-2ed2-4985-a994-dbab6c30814f", "who": "", "meta": {"layout": "title"}, "name": "name", "field": null, "value": null, "ref_id": "", "choices": null, "dom_type": "TE", "ref_type": "", "data_type": "S", "dependent": null, "display_name": "Name", "unlink_offset": 0}, {"key": "89f945e3-f08a-4963-ba27-39db8fef302e", "who": "color", "meta": {"layout": "color"}, "name": "color", "field": null, "value": null, "ref_id": "", "choices": null, "dom_type": "TE", "ref_type": "", "data_type": "S", "dependent": null, "display_name": "Color", "unlink_offset": 0}]', NULL, '{}', false, false, true, '{}', '2023-03-26 22:27:14.171382', 1679869634);
INSERT INTO public.entities (entity_id, account_id, team_id, name, display_name, category, state, status, fieldsb, metab, tags, is_public, is_core, is_shared, shared_team_ids, created_at, updated_at) VALUES ('ce2ab1c1-2bae-4bfa-a845-e4c47898d999', '3cf17266-3473-4006-984f-9325122678b7', '4a8ba6c4-804e-44de-a252-8b1d084b8767', 'approval_status', 'Approval Status', 8, 1, 0, '[{"key": "8ad176a0-7ac7-4d20-8deb-18361bf8c87b", "who": "verb", "meta": {"layout": "verb"}, "name": "verb", "field": null, "value": null, "ref_id": "", "choices": null, "dom_type": "NA", "ref_type": "", "data_type": "S", "dependent": null, "display_name": "Verb (Internal field)", "unlink_offset": 0}, {"key": "a95fedc2-3b4d-458d-a81b-47675309064b", "who": "identifier", "meta": null, "name": "identifier", "field": null, "value": null, "ref_id": "", "choices": null, "dom_type": "NA", "ref_type": "", "data_type": "S", "dependent": null, "display_name": "Identifier (Internal field)", "unlink_offset": 0}, {"key": "2cafd829-57c8-4417-8d3a-447cb3b01e33", "who": "", "meta": {"layout": "title"}, "name": "name", "field": null, "value": null, "ref_id": "", "choices": null, "dom_type": "TE", "ref_type": "", "data_type": "S", "dependent": null, "display_name": "Name", "unlink_offset": 0}, {"key": "a7a500e6-e14a-4a07-b737-980e4c6a4cc2", "who": "color", "meta": {"layout": "color"}, "name": "color", "field": null, "value": null, "ref_id": "", "choices": null, "dom_type": "TE", "ref_type": "", "data_type": "S", "dependent": null, "display_name": "Color", "unlink_offset": 0}]', NULL, '{}', false, false, true, '{}', '2023-03-26 22:27:14.250097', 1679869634);
INSERT INTO public.entities (entity_id, account_id, team_id, name, display_name, category, state, status, fieldsb, metab, tags, is_public, is_core, is_shared, shared_team_ids, created_at, updated_at) VALUES ('b200a7da-c188-447f-b90e-8237835cf56e', '3cf17266-3473-4006-984f-9325122678b7', '4a8ba6c4-804e-44de-a252-8b1d084b8767', 'incident_type', 'Incident Type', 8, 0, 0, '[{"key": "72c5f1e2-0ced-4d90-9202-b826f2b41b10", "who": "", "meta": null, "name": "verb", "field": null, "value": null, "ref_id": "", "choices": null, "dom_type": "NA", "ref_type": "", "data_type": "S", "dependent": null, "display_name": "Verb (Internal field)", "unlink_offset": 0}, {"key": "ac9ca111-4f85-45b7-a430-03a3e7c6215a", "who": "icon", "meta": null, "name": "icon", "field": null, "value": null, "ref_id": "", "choices": null, "dom_type": "IM", "ref_type": "", "data_type": "S", "dependent": null, "display_name": "Icon", "unlink_offset": 0}, {"key": "8b8c1ced-17a3-4815-92d7-d36b501d7bfc", "who": "", "meta": {"layout": "title"}, "name": "name", "field": null, "value": null, "ref_id": "", "choices": null, "dom_type": "TE", "ref_type": "", "data_type": "S", "dependent": null, "display_name": "Name", "unlink_offset": 0}, {"key": "28ff6bb6-a0f2-4df6-a9aa-6def3ca06305", "who": "color", "meta": null, "name": "color", "field": null, "value": null, "ref_id": "", "choices": null, "dom_type": "TE", "ref_type": "", "data_type": "S", "dependent": null, "display_name": "Color", "unlink_offset": 0}]', NULL, '{}', false, false, false, '{}', '2023-03-26 22:27:14.322469', 1679869634);
INSERT INTO public.entities (entity_id, account_id, team_id, name, display_name, category, state, status, fieldsb, metab, tags, is_public, is_core, is_shared, shared_team_ids, created_at, updated_at) VALUES ('71e90e85-4b09-44bf-b0f1-8b1cdfadc098', '3cf17266-3473-4006-984f-9325122678b7', '4a8ba6c4-804e-44de-a252-8b1d084b8767', 'incident_category', 'Incident Category', 8, 0, 0, '[{"key": "101aed31-8b86-4319-a3ca-5a5cfa9161e7", "who": "", "meta": null, "name": "verb", "field": null, "value": null, "ref_id": "", "choices": null, "dom_type": "NA", "ref_type": "", "data_type": "S", "dependent": null, "display_name": "Verb (Internal field)", "unlink_offset": 0}, {"key": "45ce41ca-4b8f-4a02-bb16-e80f4598f01d", "who": "icon", "meta": null, "name": "icon", "field": null, "value": null, "ref_id": "", "choices": null, "dom_type": "IM", "ref_type": "", "data_type": "S", "dependent": null, "display_name": "Icon", "unlink_offset": 0}, {"key": "3f462f12-ca42-40ab-bdf9-096be28f1375", "who": "", "meta": {"layout": "title"}, "name": "name", "field": null, "value": null, "ref_id": "", "choices": null, "dom_type": "TE", "ref_type": "", "data_type": "S", "dependent": null, "display_name": "Name", "unlink_offset": 0}, {"key": "d44b1a19-e274-41f2-b7c2-ec78a44c01d4", "who": "color", "meta": null, "name": "color", "field": null, "value": null, "ref_id": "", "choices": null, "dom_type": "TE", "ref_type": "", "data_type": "S", "dependent": null, "display_name": "Color", "unlink_offset": 0}]', NULL, '{}', false, false, false, '{}', '2023-03-26 22:27:14.412482', 1679869634);
INSERT INTO public.entities (entity_id, account_id, team_id, name, display_name, category, state, status, fieldsb, metab, tags, is_public, is_core, is_shared, shared_team_ids, created_at, updated_at) VALUES ('147d8920-bb7b-461b-b43e-dd63521d5c94', '3cf17266-3473-4006-984f-9325122678b7', '4a8ba6c4-804e-44de-a252-8b1d084b8767', 'incident_priority', 'Incident Priority', 8, 0, 0, '[{"key": "fbb707b7-3382-496f-9f76-ec2455cf6de6", "who": "", "meta": null, "name": "verb", "field": null, "value": null, "ref_id": "", "choices": null, "dom_type": "NA", "ref_type": "", "data_type": "S", "dependent": null, "display_name": "Verb (Internal field)", "unlink_offset": 0}, {"key": "d47cf707-00f3-4463-a299-9459b7b7f999", "who": "", "meta": {"layout": "title"}, "name": "name", "field": null, "value": null, "ref_id": "", "choices": null, "dom_type": "TE", "ref_type": "", "data_type": "S", "dependent": null, "display_name": "Name", "unlink_offset": 0}, {"key": "124c0393-8bdb-46b7-81c3-574f005245a6", "who": "color", "meta": null, "name": "color", "field": null, "value": null, "ref_id": "", "choices": null, "dom_type": "TE", "ref_type": "", "data_type": "S", "dependent": null, "display_name": "Color", "unlink_offset": 0}]', NULL, '{}', false, false, false, '{}', '2023-03-26 22:27:14.478824', 1679869634);
INSERT INTO public.entities (entity_id, account_id, team_id, name, display_name, category, state, status, fieldsb, metab, tags, is_public, is_core, is_shared, shared_team_ids, created_at, updated_at) VALUES ('cb54a58a-fb29-4f22-9cbc-bf124ea251c3', '3cf17266-3473-4006-984f-9325122678b7', '4a8ba6c4-804e-44de-a252-8b1d084b8767', 'alerts', 'Alerts', 1, 0, 0, '[{"key": "39a4b070-031c-49de-ad50-60a3ef62d06e", "who": "", "meta": {"layout": "title"}, "name": "alert_name", "field": null, "value": null, "ref_id": "", "choices": null, "dom_type": "TE", "ref_type": "", "data_type": "S", "dependent": null, "display_name": "Alert Name", "unlink_offset": 0}, {"key": "614ee95d-817e-4849-b221-7807e3a3c367", "who": "status", "meta": {"display_gex": "31570e27-2ed2-4985-a994-dbab6c30814f"}, "name": "status", "field": {"key": "id", "who": "", "meta": null, "name": "", "field": null, "value": "--", "ref_id": "", "choices": null, "dom_type": "", "ref_type": "", "data_type": "S", "dependent": null, "display_name": "", "unlink_offset": 0}, "value": null, "ref_id": "888b45ed-fa87-4dc6-819b-2ed6d6311c3e", "choices": null, "dom_type": "SE", "ref_type": "STRAIGHT", "data_type": "R", "dependent": null, "display_name": "Status", "unlink_offset": 0}, {"key": "20e3a342-ba6b-4e19-a1cb-908f7bef9679", "who": "", "meta": {"display_gex": "d47cf707-00f3-4463-a299-9459b7b7f999"}, "name": "priority", "field": {"key": "id", "who": "", "meta": null, "name": "", "field": null, "value": "--", "ref_id": "", "choices": null, "dom_type": "", "ref_type": "", "data_type": "S", "dependent": null, "display_name": "", "unlink_offset": 0}, "value": null, "ref_id": "147d8920-bb7b-461b-b43e-dd63521d5c94", "choices": null, "dom_type": "SE", "ref_type": "STRAIGHT", "data_type": "R", "dependent": null, "display_name": "Priority", "unlink_offset": 0}, {"key": "b8c4d7a1-b25c-4abc-ac1e-900a02cc2163", "who": "", "meta": {"display_gex": "8b8c1ced-17a3-4815-92d7-d36b501d7bfc"}, "name": "type", "field": {"key": "id", "who": "", "meta": null, "name": "", "field": null, "value": "--", "ref_id": "", "choices": null, "dom_type": "", "ref_type": "", "data_type": "S", "dependent": null, "display_name": "", "unlink_offset": 0}, "value": null, "ref_id": "b200a7da-c188-447f-b90e-8237835cf56e", "choices": null, "dom_type": "SE", "ref_type": "STRAIGHT", "data_type": "R", "dependent": null, "display_name": "Type", "unlink_offset": 0}, {"key": "4c0133ea-77e2-4e75-b101-c2403b6c5e91", "who": "", "meta": {"hidden": "true"}, "name": "occurrence", "field": null, "value": null, "ref_id": "", "choices": null, "dom_type": "NA", "ref_type": "", "data_type": "N", "dependent": null, "display_name": "occurrence", "unlink_offset": 0}, {"key": "4369b881-9265-4432-a229-c0855bd1c47c", "who": "", "meta": {"display_gex": "3f462f12-ca42-40ab-bdf9-096be28f1375"}, "name": "category", "field": {"key": "id", "who": "", "meta": null, "name": "", "field": null, "value": "--", "ref_id": "", "choices": null, "dom_type": "", "ref_type": "", "data_type": "S", "dependent": null, "display_name": "", "unlink_offset": 0}, "value": null, "ref_id": "71e90e85-4b09-44bf-b0f1-8b1cdfadc098", "choices": null, "dom_type": "SE", "ref_type": "STRAIGHT", "data_type": "R", "dependent": null, "display_name": "Category", "unlink_offset": 0}, {"key": "fc61af59-15b3-48fe-99f4-1e48a2206e8e", "who": "assignee", "meta": {"multi": "true", "layout": "users", "display_gex": "23fbb4a0-ba44-4780-a7b5-2c0919117db7"}, "name": "owner", "field": {"key": "id", "who": "", "meta": null, "name": "", "field": null, "value": "--", "ref_id": "", "choices": null, "dom_type": "", "ref_type": "", "data_type": "S", "dependent": null, "display_name": "", "unlink_offset": 0}, "value": null, "ref_id": "d8e8ee53-5fdd-4efb-8e4a-1c9aa7bfb168", "choices": null, "dom_type": "AC", "ref_type": "STRAIGHT", "data_type": "R", "dependent": null, "display_name": "Incident Owner", "unlink_offset": 0}, {"key": "e5aa9d8e-7eed-4f7e-a12e-0e5a508724af", "who": "", "meta": {"flow": "true", "multi": "false"}, "name": "pipeline", "field": {"key": "id", "who": "", "meta": null, "name": "", "field": null, "value": "--", "ref_id": "", "choices": null, "dom_type": "", "ref_type": "", "data_type": "S", "dependent": null, "display_name": "", "unlink_offset": 0}, "value": null, "ref_id": "219b5106-f25a-48d7-87d9-ffde2422ce7c", "choices": null, "dom_type": "AC", "ref_type": "STRAIGHT", "data_type": "R", "dependent": null, "display_name": "Pipeline", "unlink_offset": 0}, {"key": "9d697d50-c4f2-4063-a842-c56faa5219bd", "who": "", "meta": {"node": "true", "display_gex": "6387ef20-39cc-4390-ad89-c3d2f4fc6a17"}, "name": "pipeline_stage", "field": {"key": "e5aa9d8e-7eed-4f7e-a12e-0e5a508724af", "who": "", "meta": null, "name": "", "field": null, "value": "--", "ref_id": "", "choices": null, "dom_type": "", "ref_type": "", "data_type": "S", "dependent": null, "display_name": "", "unlink_offset": 0}, "value": null, "ref_id": "48055413-4df7-44a0-a3d8-f3d6a191f79c", "choices": null, "dom_type": "SE", "ref_type": "STRAIGHT", "data_type": "R", "dependent": {"actions": ["{{{filter.flow_id}}}"], "parent_key": "e5aa9d8e-7eed-4f7e-a12e-0e5a508724af", "expressions": [""]}, "display_name": "Pipeline Stage", "unlink_offset": 0}]', NULL, '{}', false, true, false, '{}', '2023-03-26 22:27:14.570078', 1679869634);
INSERT INTO public.entities (entity_id, account_id, team_id, name, display_name, category, state, status, fieldsb, metab, tags, is_public, is_core, is_shared, shared_team_ids, created_at, updated_at) VALUES ('24bb855d-7464-4c60-90ee-5d6eab84b9c3', '3cf17266-3473-4006-984f-9325122678b7', '4a8ba6c4-804e-44de-a252-8b1d084b8767', 'bugs', 'Bugs', 1, 0, 0, '[{"key": "06fb0cb0-6971-4439-9f7c-eb6451ca1c01", "who": "", "meta": {"layout": "title"}, "name": "alert_name", "field": null, "value": null, "ref_id": "", "choices": null, "dom_type": "TE", "ref_type": "", "data_type": "S", "dependent": null, "display_name": "Alert Name", "unlink_offset": 0}, {"key": "bd473fce-8a59-4384-aa88-932360089cd0", "who": "status", "meta": {"display_gex": "31570e27-2ed2-4985-a994-dbab6c30814f"}, "name": "status", "field": {"key": "id", "who": "", "meta": null, "name": "", "field": null, "value": "--", "ref_id": "", "choices": null, "dom_type": "", "ref_type": "", "data_type": "S", "dependent": null, "display_name": "", "unlink_offset": 0}, "value": null, "ref_id": "888b45ed-fa87-4dc6-819b-2ed6d6311c3e", "choices": null, "dom_type": "SE", "ref_type": "STRAIGHT", "data_type": "R", "dependent": null, "display_name": "Status", "unlink_offset": 0}, {"key": "e4f13b8e-bc8e-4f14-978a-1499e81edaad", "who": "", "meta": {"display_gex": "d47cf707-00f3-4463-a299-9459b7b7f999"}, "name": "priority", "field": {"key": "id", "who": "", "meta": null, "name": "", "field": null, "value": "--", "ref_id": "", "choices": null, "dom_type": "", "ref_type": "", "data_type": "S", "dependent": null, "display_name": "", "unlink_offset": 0}, "value": null, "ref_id": "147d8920-bb7b-461b-b43e-dd63521d5c94", "choices": null, "dom_type": "SE", "ref_type": "STRAIGHT", "data_type": "R", "dependent": null, "display_name": "Priority", "unlink_offset": 0}, {"key": "eddd6054-a53b-40cc-b395-ccb4b76cc182", "who": "", "meta": {"display_gex": "8b8c1ced-17a3-4815-92d7-d36b501d7bfc"}, "name": "type", "field": {"key": "id", "who": "", "meta": null, "name": "", "field": null, "value": "--", "ref_id": "", "choices": null, "dom_type": "", "ref_type": "", "data_type": "S", "dependent": null, "display_name": "", "unlink_offset": 0}, "value": null, "ref_id": "b200a7da-c188-447f-b90e-8237835cf56e", "choices": null, "dom_type": "SE", "ref_type": "STRAIGHT", "data_type": "R", "dependent": null, "display_name": "Type", "unlink_offset": 0}, {"key": "be5fe891-6ae4-456f-b795-bb40101ae614", "who": "", "meta": {"hidden": "true"}, "name": "occurrence", "field": null, "value": null, "ref_id": "", "choices": null, "dom_type": "NA", "ref_type": "", "data_type": "N", "dependent": null, "display_name": "occurrence", "unlink_offset": 0}, {"key": "ca6a50bc-c129-4184-99ad-1a7f6a023890", "who": "", "meta": {"display_gex": "3f462f12-ca42-40ab-bdf9-096be28f1375"}, "name": "category", "field": {"key": "id", "who": "", "meta": null, "name": "", "field": null, "value": "--", "ref_id": "", "choices": null, "dom_type": "", "ref_type": "", "data_type": "S", "dependent": null, "display_name": "", "unlink_offset": 0}, "value": null, "ref_id": "71e90e85-4b09-44bf-b0f1-8b1cdfadc098", "choices": null, "dom_type": "SE", "ref_type": "STRAIGHT", "data_type": "R", "dependent": null, "display_name": "Category", "unlink_offset": 0}, {"key": "2ca17665-04c0-480b-abf1-36e441f7a774", "who": "assignee", "meta": {"multi": "true", "layout": "users", "display_gex": "23fbb4a0-ba44-4780-a7b5-2c0919117db7"}, "name": "owner", "field": {"key": "id", "who": "", "meta": null, "name": "", "field": null, "value": "--", "ref_id": "", "choices": null, "dom_type": "", "ref_type": "", "data_type": "S", "dependent": null, "display_name": "", "unlink_offset": 0}, "value": null, "ref_id": "d8e8ee53-5fdd-4efb-8e4a-1c9aa7bfb168", "choices": null, "dom_type": "AC", "ref_type": "STRAIGHT", "data_type": "R", "dependent": null, "display_name": "Incident Owner", "unlink_offset": 0}, {"key": "54d2eab4-6cb5-4de2-a07c-92b61d7e037a", "who": "", "meta": {"flow": "true", "multi": "false"}, "name": "pipeline", "field": {"key": "id", "who": "", "meta": null, "name": "", "field": null, "value": "--", "ref_id": "", "choices": null, "dom_type": "", "ref_type": "", "data_type": "S", "dependent": null, "display_name": "", "unlink_offset": 0}, "value": null, "ref_id": "219b5106-f25a-48d7-87d9-ffde2422ce7c", "choices": null, "dom_type": "AC", "ref_type": "STRAIGHT", "data_type": "R", "dependent": null, "display_name": "Pipeline", "unlink_offset": 0}, {"key": "a87848d8-842c-4121-9e54-f774a71b2c25", "who": "", "meta": {"node": "true", "display_gex": "6387ef20-39cc-4390-ad89-c3d2f4fc6a17"}, "name": "pipeline_stage", "field": {"key": "54d2eab4-6cb5-4de2-a07c-92b61d7e037a", "who": "", "meta": null, "name": "", "field": null, "value": "--", "ref_id": "", "choices": null, "dom_type": "", "ref_type": "", "data_type": "S", "dependent": null, "display_name": "", "unlink_offset": 0}, "value": null, "ref_id": "48055413-4df7-44a0-a3d8-f3d6a191f79c", "choices": null, "dom_type": "SE", "ref_type": "STRAIGHT", "data_type": "R", "dependent": {"actions": ["{{{filter.flow_id}}}"], "parent_key": "54d2eab4-6cb5-4de2-a07c-92b61d7e037a", "expressions": [""]}, "display_name": "Pipeline Stage", "unlink_offset": 0}]', NULL, '{}', false, true, false, '{}', '2023-03-26 22:27:14.574073', 1679869634);
INSERT INTO public.entities (entity_id, account_id, team_id, name, display_name, category, state, status, fieldsb, metab, tags, is_public, is_core, is_shared, shared_team_ids, created_at, updated_at) VALUES ('704ce43e-acc6-426e-8868-ca010c61c05e', '3cf17266-3473-4006-984f-9325122678b7', '4a8ba6c4-804e-44de-a252-8b1d084b8767', 'approvals', 'Approvals', 20, 0, 0, '[{"key": "daf81bcb-876a-476b-bd52-a77a416c6ed9", "who": "", "meta": {"html": "true", "layout": "title"}, "name": "desc", "field": null, "value": null, "ref_id": "", "choices": null, "dom_type": "TE", "ref_type": "", "data_type": "S", "dependent": null, "display_name": "Notes", "unlink_offset": 0}, {"key": "95678562-411c-48ac-865c-d4a5238c3007", "who": "status", "meta": {"display_gex": "2cafd829-57c8-4417-8d3a-447cb3b01e33"}, "name": "status", "field": {"key": "id", "who": "", "meta": null, "name": "", "field": null, "value": "--", "ref_id": "", "choices": null, "dom_type": "", "ref_type": "", "data_type": "S", "dependent": null, "display_name": "", "unlink_offset": 0}, "value": null, "ref_id": "ce2ab1c1-2bae-4bfa-a845-e4c47898d999", "choices": null, "dom_type": "SE", "ref_type": "STRAIGHT", "data_type": "R", "dependent": null, "display_name": "Approval Status", "unlink_offset": 0}, {"key": "025fc41c-87c8-4820-a42f-02692eb62928", "who": "dueby", "meta": null, "name": "due_by", "field": null, "value": null, "ref_id": "", "choices": null, "dom_type": "TE", "ref_type": "", "data_type": "T", "dependent": null, "display_name": "Due by", "unlink_offset": 0}, {"key": "35a74d99-700f-4da3-bc4d-3bd899c3f1d2", "who": "assignee", "meta": {"layout": "users", "display_gex": "23fbb4a0-ba44-4780-a7b5-2c0919117db7"}, "name": "assignees", "field": {"key": "id", "who": "", "meta": null, "name": "", "field": null, "value": "--", "ref_id": "", "choices": null, "dom_type": "", "ref_type": "", "data_type": "S", "dependent": null, "display_name": "", "unlink_offset": 0}, "value": null, "ref_id": "d8e8ee53-5fdd-4efb-8e4a-1c9aa7bfb168", "choices": null, "dom_type": "SE", "ref_type": "", "data_type": "R", "dependent": null, "display_name": "Assignees", "unlink_offset": 0}]', NULL, '{}', false, false, false, '{}', '2023-03-26 22:27:14.579904', 1679869634);
INSERT INTO public.entities (entity_id, account_id, team_id, name, display_name, category, state, status, fieldsb, metab, tags, is_public, is_core, is_shared, shared_team_ids, created_at, updated_at) VALUES ('69d2af4e-61a5-4239-988c-d5e1bd7bc4e7', '3cf17266-3473-4006-984f-9325122678b7', '4a8ba6c4-804e-44de-a252-8b1d084b8767', 'incidents', 'Incidents', 1, 0, 0, '[{"key": "cf217089-efb0-4640-a5de-4a4c9d142f0b", "who": "", "meta": {"layout": "title"}, "name": "incident_name", "field": null, "value": null, "ref_id": "", "choices": null, "dom_type": "TE", "ref_type": "", "data_type": "S", "dependent": null, "display_name": "Incident Name", "unlink_offset": 0}, {"key": "80b1499c-b1e4-469f-af10-f931ba9d6ea4", "who": "", "meta": {"layout": "sub-title"}, "name": "incident_desc", "field": null, "value": null, "ref_id": "", "choices": null, "dom_type": "TA", "ref_type": "", "data_type": "S", "dependent": null, "display_name": "Description", "unlink_offset": 0}, {"key": "f33a31ce-6592-439a-876e-699266441d99", "who": "", "meta": null, "name": "tags", "field": {"key": "id", "who": "", "meta": null, "name": "", "field": null, "value": null, "ref_id": "", "choices": null, "dom_type": "", "ref_type": "", "data_type": "S", "dependent": null, "display_name": "", "unlink_offset": 0}, "value": null, "ref_id": "", "choices": null, "dom_type": "MS", "ref_type": "", "data_type": "L", "dependent": null, "display_name": "Tags", "unlink_offset": 0}, {"key": "44836b14-1af8-4849-b989-3139958bd510", "who": "priority", "meta": {"display_gex": "d47cf707-00f3-4463-a299-9459b7b7f999"}, "name": "priority", "field": {"key": "id", "who": "", "meta": null, "name": "", "field": null, "value": "--", "ref_id": "", "choices": null, "dom_type": "", "ref_type": "", "data_type": "S", "dependent": null, "display_name": "", "unlink_offset": 0}, "value": null, "ref_id": "147d8920-bb7b-461b-b43e-dd63521d5c94", "choices": null, "dom_type": "SE", "ref_type": "STRAIGHT", "data_type": "R", "dependent": null, "display_name": "Priority", "unlink_offset": 0}, {"key": "69694b14-c7e4-44c7-9757-b472f259f245", "who": "type", "meta": {"display_gex": "8b8c1ced-17a3-4815-92d7-d36b501d7bfc"}, "name": "type", "field": {"key": "id", "who": "", "meta": null, "name": "", "field": null, "value": "--", "ref_id": "", "choices": null, "dom_type": "", "ref_type": "", "data_type": "S", "dependent": null, "display_name": "", "unlink_offset": 0}, "value": null, "ref_id": "b200a7da-c188-447f-b90e-8237835cf56e", "choices": null, "dom_type": "SE", "ref_type": "STRAIGHT", "data_type": "R", "dependent": null, "display_name": "Type", "unlink_offset": 0}, {"key": "702b1588-41fd-4d0f-902e-4bfa6993e8f9", "who": "category", "meta": {"display_gex": "3f462f12-ca42-40ab-bdf9-096be28f1375"}, "name": "category", "field": {"key": "id", "who": "", "meta": null, "name": "", "field": null, "value": "--", "ref_id": "", "choices": null, "dom_type": "", "ref_type": "", "data_type": "S", "dependent": null, "display_name": "", "unlink_offset": 0}, "value": null, "ref_id": "71e90e85-4b09-44bf-b0f1-8b1cdfadc098", "choices": null, "dom_type": "SE", "ref_type": "STRAIGHT", "data_type": "R", "dependent": null, "display_name": "Category", "unlink_offset": 0}, {"key": "6da1c4cb-bda5-4be2-a9af-013c909daf98", "who": "assignee", "meta": {"multi": "true", "layout": "users", "display_gex": "23fbb4a0-ba44-4780-a7b5-2c0919117db7"}, "name": "owner", "field": {"key": "id", "who": "", "meta": null, "name": "", "field": null, "value": "--", "ref_id": "", "choices": null, "dom_type": "", "ref_type": "", "data_type": "S", "dependent": null, "display_name": "", "unlink_offset": 0}, "value": null, "ref_id": "d8e8ee53-5fdd-4efb-8e4a-1c9aa7bfb168", "choices": null, "dom_type": "AC", "ref_type": "STRAIGHT", "data_type": "R", "dependent": null, "display_name": "Incident Owner", "unlink_offset": 0}, {"key": "d2773caf-d7b6-4c24-9c11-6af77fb1e46a", "who": "follower", "meta": {"multi": "true", "layout": "users", "display_gex": "23fbb4a0-ba44-4780-a7b5-2c0919117db7"}, "name": "followers", "field": {"key": "id", "who": "", "meta": null, "name": "", "field": null, "value": "--", "ref_id": "", "choices": null, "dom_type": "", "ref_type": "", "data_type": "S", "dependent": null, "display_name": "", "unlink_offset": 0}, "value": null, "ref_id": "d8e8ee53-5fdd-4efb-8e4a-1c9aa7bfb168", "choices": null, "dom_type": "AC", "ref_type": "", "data_type": "R", "dependent": null, "display_name": "Followers", "unlink_offset": 0}, {"key": "0574a511-8ea1-4598-98d6-26af9694babc", "who": "start_time", "meta": null, "name": "start_time", "field": null, "value": null, "ref_id": "", "choices": null, "dom_type": "TE", "ref_type": "", "data_type": "T", "dependent": null, "display_name": "Start Time", "unlink_offset": 0}, {"key": "b14f9ff5-504c-404c-8def-d3e9b347b842", "who": "end_time", "meta": {"layout": "date"}, "name": "end_time", "field": null, "value": null, "ref_id": "", "choices": null, "dom_type": "TE", "ref_type": "", "data_type": "T", "dependent": null, "display_name": "End Time", "unlink_offset": 0}, {"key": "361d1ec0-bd94-4811-9ab4-56699407c965", "who": "", "meta": {"flow": "true", "multi": "false"}, "name": "pipeline", "field": {"key": "id", "who": "", "meta": null, "name": "", "field": null, "value": "--", "ref_id": "", "choices": null, "dom_type": "", "ref_type": "", "data_type": "S", "dependent": null, "display_name": "", "unlink_offset": 0}, "value": null, "ref_id": "219b5106-f25a-48d7-87d9-ffde2422ce7c", "choices": null, "dom_type": "AC", "ref_type": "STRAIGHT", "data_type": "R", "dependent": null, "display_name": "Pipeline", "unlink_offset": 0}, {"key": "70f0b37b-3278-4b58-844a-5376cb642afc", "who": "", "meta": {"node": "true", "display_gex": "6387ef20-39cc-4390-ad89-c3d2f4fc6a17"}, "name": "pipeline_stage", "field": {"key": "361d1ec0-bd94-4811-9ab4-56699407c965", "who": "", "meta": null, "name": "", "field": null, "value": "--", "ref_id": "", "choices": null, "dom_type": "", "ref_type": "", "data_type": "S", "dependent": null, "display_name": "", "unlink_offset": 0}, "value": null, "ref_id": "48055413-4df7-44a0-a3d8-f3d6a191f79c", "choices": null, "dom_type": "SE", "ref_type": "STRAIGHT", "data_type": "R", "dependent": {"actions": ["{{{filter.flow_id}}}"], "parent_key": "361d1ec0-bd94-4811-9ab4-56699407c965", "expressions": [""]}, "display_name": "Pipeline Stage", "unlink_offset": 0}]', '{"render": "pipe"}', '{}', false, true, false, '{}', '2023-03-26 22:27:14.564583', 1679869634);
INSERT INTO public.entities (entity_id, account_id, team_id, name, display_name, category, state, status, fieldsb, metab, tags, is_public, is_core, is_shared, shared_team_ids, created_at, updated_at) VALUES ('f622da61-c50e-4357-a457-7f69daee2fa3', '3cf17266-3473-4006-984f-9325122678b7', '4a8ba6c4-804e-44de-a252-8b1d084b8767', 'notes', 'Notes', 13, 0, 0, '[{"key": "67860bb9-bce7-4053-afca-50cf394ea552", "who": "", "meta": {"layout": "title"}, "name": "desc", "field": null, "value": null, "ref_id": "", "choices": null, "dom_type": "TE", "ref_type": "", "data_type": "S", "dependent": null, "display_name": "Notes", "unlink_offset": 0}]', NULL, '{}', false, false, false, '{}', '2023-03-26 22:27:14.581857', 1679869634);
INSERT INTO public.entities (entity_id, account_id, team_id, name, display_name, category, state, status, fieldsb, metab, tags, is_public, is_core, is_shared, shared_team_ids, created_at, updated_at) VALUES ('753191f4-d154-4de5-b0c1-cb9e0537a597', '3cf17266-3473-4006-984f-9325122678b7', '4a8ba6c4-804e-44de-a252-8b1d084b8767', 'tasks', 'Tasks', 9, 0, 0, '[{"key": "4391af80-cecc-4783-a62a-661b6592a92d", "who": "", "meta": {"layout": "title"}, "name": "name", "field": null, "value": null, "ref_id": "", "choices": null, "dom_type": "TE", "ref_type": "", "data_type": "S", "dependent": null, "display_name": "Name", "unlink_offset": 0}, {"key": "47742c1f-ffa1-43e3-931c-387bad1cc477", "who": "", "meta": {"html": "true", "layout": "sub-title"}, "name": "desc", "field": null, "value": null, "ref_id": "", "choices": null, "dom_type": "TE", "ref_type": "", "data_type": "S", "dependent": null, "display_name": "Description", "unlink_offset": 0}, {"key": "dd17e827-154c-43a3-b19b-5c23a1156215", "who": "dueby", "meta": null, "name": "due_by", "field": null, "value": null, "ref_id": "", "choices": null, "dom_type": "TE", "ref_type": "", "data_type": "T", "dependent": null, "display_name": "Due by", "unlink_offset": 0}, {"key": "7c4e2035-8e78-4fd1-a710-73f57de9cd80", "who": "reminder", "meta": null, "name": "reminder", "field": null, "value": null, "ref_id": "", "choices": null, "dom_type": "TE", "ref_type": "", "data_type": "T", "dependent": null, "display_name": "Reminder", "unlink_offset": 0}, {"key": "e530cb97-e176-44f7-9f3a-1a5170f345df", "who": "status", "meta": {"display_gex": "31570e27-2ed2-4985-a994-dbab6c30814f"}, "name": "status", "field": {"key": "id", "who": "", "meta": null, "name": "", "field": null, "value": "--", "ref_id": "", "choices": null, "dom_type": "", "ref_type": "", "data_type": "S", "dependent": null, "display_name": "", "unlink_offset": 0}, "value": null, "ref_id": "888b45ed-fa87-4dc6-819b-2ed6d6311c3e", "choices": null, "dom_type": "SE", "ref_type": "STRAIGHT", "data_type": "R", "dependent": {"actions": null, "parent_key": "dd17e827-154c-43a3-b19b-5c23a1156215", "expressions": null}, "display_name": "Status", "unlink_offset": 0}, {"key": "72cdb97f-26a8-4753-884d-1151ee681a66", "who": "assignee", "meta": {"display_gex": "23fbb4a0-ba44-4780-a7b5-2c0919117db7"}, "name": "assignee", "field": {"key": "id", "who": "", "meta": null, "name": "", "field": null, "value": "--", "ref_id": "", "choices": null, "dom_type": "", "ref_type": "", "data_type": "S", "dependent": null, "display_name": "", "unlink_offset": 0}, "value": null, "ref_id": "d8e8ee53-5fdd-4efb-8e4a-1c9aa7bfb168", "choices": null, "dom_type": "AC", "ref_type": "STRAIGHT", "data_type": "R", "dependent": null, "display_name": "Assignee", "unlink_offset": 0}]', NULL, '{}', true, true, false, '{}', '2023-03-26 22:27:14.578522', 1679869634);


--
-- Data for Name: flows; Type: TABLE DATA; Schema: public; Owner: postgres
--

INSERT INTO public.flows (flow_id, account_id, entity_id, expression, tokenb, name, description, mode, state, type, condition, status, created_at, updated_at) VALUES ('2d208e36-bf53-40d9-a19f-087d91667974', '3cf17266-3473-4006-984f-9325122678b7', '69d2af4e-61a5-4239-988c-d5e1bd7bc4e7', '', 'null', 'Basic Incidents', '', 1, 0, 3, 1, 0, '2023-03-26 22:27:14.63763', 1679869634);
INSERT INTO public.flows (flow_id, account_id, entity_id, expression, tokenb, name, description, mode, state, type, condition, status, created_at, updated_at) VALUES ('32ce9894-08ce-4892-9665-8a65531b9f6e', '3cf17266-3473-4006-984f-9325122678b7', '69d2af4e-61a5-4239-988c-d5e1bd7bc4e7', '', 'null', 'Critical Incidents', '', 1, 0, 3, 1, 0, '2023-03-26 22:27:14.64182', 1679869634);


--
-- Data for Name: items; Type: TABLE DATA; Schema: public; Owner: postgres
--

INSERT INTO public.items (item_id, account_id, entity_id, genie_id, user_id, state, type, name, fieldsb, metab, is_public, created_at, updated_at) VALUES ('d3a82b9e-f5a2-42ef-90e0-e9653082e436', '3cf17266-3473-4006-984f-9325122678b7', 'd8e8ee53-5fdd-4efb-8e4a-1c9aa7bfb168', NULL, '45b5fbd3-755f-4379-8f07-a58d4a30fa2f', 0, 1, 'System Generated', '{"23fbb4a0-ba44-4780-a7b5-2c0919117db7": "vijay", "5892f424-c4b2-4909-b590-2a10ea08b4b6": "45b5fbd3-755f-4379-8f07-a58d4a30fa2f", "6a46007a-d5d4-403b-9803-c5e3caab1d3f": "https://randomuser.me/api/portraits/thumb/lego/1.jpg", "7bc4060b-1041-40a9-9e4f-a66ea4a97714": ["ADMIN"], "9bc0f924-688a-4b86-b29f-798c8a98a4af": "vijayasankarj@gmail.com", "dec5438c-7d84-4709-9999-9177d991d1a2": ["3cf17266-3473-4006-984f-9325122678b7"]}', 'null', false, '2023-03-26 22:27:09.51653', 1679869629);
INSERT INTO public.items (item_id, account_id, entity_id, genie_id, user_id, state, type, name, fieldsb, metab, is_public, created_at, updated_at) VALUES ('aaa55336-2290-4e3c-bf80-ee029fbc20fc', '3cf17266-3473-4006-984f-9325122678b7', '6ca67fe2-4946-41dd-b538-73ccb0bbf256', NULL, '00000000-0000-0000-0000-000000000000', 0, 0, 'Base Inbox Integration', '{"139628b6-151c-4a74-a8ac-22875dc2239e": ["45b5fbd3-755f-4379-8f07-a58d4a30fa2f"], "139da5f8-bf56-4c6a-98ce-324ec57f20ae": null, "1471ac4e-8f5c-4c72-883e-15689b43fbbf": "3cf17266-3473-4006-984f-9325122678b7", "1571f528-c3dc-429e-ab23-375c6942f1bd": "3cf17266-3473-4006-984f-9325122678b7", "661983cc-acdf-444f-af2c-bf8eb87dc595": "base_inbox.com", "7465acc9-2aa8-4f7f-b8fb-3c6a2863b220": "Titan@b2e28e03-a0bd-4402-a2d2-299ff9255c6a.workbaseone.com", "74921d26-9be0-46aa-9b88-f300df4bc519": "b2e28e03-a0bd-4402-a2d2-299ff9255c6a", "d6f4a7ca-de13-4a96-83cd-cb5d3379808f": "true"}', 'null', false, '2023-03-26 22:27:09.546555', 1679869629);
INSERT INTO public.items (item_id, account_id, entity_id, genie_id, user_id, state, type, name, fieldsb, metab, is_public, created_at, updated_at) VALUES ('6c93f09e-fa62-4227-96ca-94cfd977a56e', '3cf17266-3473-4006-984f-9325122678b7', '888b45ed-fa87-4dc6-819b-2ed6d6311c3e', NULL, '45b5fbd3-755f-4379-8f07-a58d4a30fa2f', 0, 1, 'System Generated', '{"20bbbea5-c38b-4032-88db-6e65169322c6": "none", "31570e27-2ed2-4985-a994-dbab6c30814f": "In-progress", "89f945e3-f08a-4963-ba27-39db8fef302e": "#FFEF82"}', 'null', false, '2023-03-26 22:27:14.172225', 1679869634);
INSERT INTO public.items (item_id, account_id, entity_id, genie_id, user_id, state, type, name, fieldsb, metab, is_public, created_at, updated_at) VALUES ('7e1bc5b3-af01-441a-b28c-4f97436d52f2', '3cf17266-3473-4006-984f-9325122678b7', 'deb92374-55c1-4e43-9628-2230fa245f10', NULL, '45b5fbd3-755f-4379-8f07-a58d4a30fa2f', 0, 0, 'Notification', '{"0f8a494f-6474-4c44-99f4-7f84d69378fa": "New status created", "1719c69a-4f60-48c2-bc07-d6b564fd3b15": "6c93f09e-fa62-4227-96ca-94cfd977a56e", "2c5f1928-7430-4ffd-a05c-189bba8b4f04": "888b45ed-fa87-4dc6-819b-2ed6d6311c3e", "48ad0c9c-dfbf-47b2-b584-8a7757154db1": 8, "5af26c51-b7ce-459f-8e67-7546543c7c50": "4a8ba6c4-804e-44de-a252-8b1d084b8767", "6ff280cd-7df8-4285-b9e0-b0db8aba7ee5": [], "7444a975-f2a3-49b2-97c5-cde23ac2ebe0": "https://randomuser.me/api/portraits/thumb/lego/1.jpg", "7ab580ad-0bce-4821-9dd9-9c1998a0dd38": 2, "931d0e60-a712-4050-abd0-74617ed32ac2": ["888b45ed-fa87-4dc6-819b-2ed6d6311c3e#6c93f09e-fa62-4227-96ca-94cfd977a56e"], "a7cd05f4-09d2-48e0-a321-39689a6a38c2": null, "c27392c3-71fc-4231-ad2d-83bedcc2c123": "45b5fbd3-755f-4379-8f07-a58d4a30fa2f", "ddf426af-b0eb-4571-a39c-6e690aea6e8f": ["d3a82b9e-f5a2-42ef-90e0-e9653082e436"], "de3942e3-5d97-4f9f-a0f9-82ea4486f68c": "3cf17266-3473-4006-984f-9325122678b7", "eb7c6f4b-94db-40db-94a1-93e1777c2d19": "vijay", "ed395fd7-5e6d-4c67-9b4f-119fd9609e02": "New status created. In-progress"}', 'null', false, '2023-03-26 22:27:14.189057', 1679869634);
INSERT INTO public.items (item_id, account_id, entity_id, genie_id, user_id, state, type, name, fieldsb, metab, is_public, created_at, updated_at) VALUES ('71a4e8c3-40e1-4ef0-aa1b-e70c79addd4a', '3cf17266-3473-4006-984f-9325122678b7', '888b45ed-fa87-4dc6-819b-2ed6d6311c3e', NULL, '45b5fbd3-755f-4379-8f07-a58d4a30fa2f', 0, 1, 'System Generated', '{"20bbbea5-c38b-4032-88db-6e65169322c6": "done", "31570e27-2ed2-4985-a994-dbab6c30814f": "Completed", "89f945e3-f08a-4963-ba27-39db8fef302e": "#B4E197"}', 'null', false, '2023-03-26 22:27:14.211298', 1679869634);
INSERT INTO public.items (item_id, account_id, entity_id, genie_id, user_id, state, type, name, fieldsb, metab, is_public, created_at, updated_at) VALUES ('280951d8-425a-4bff-a2ae-8c4eb863a449', '3cf17266-3473-4006-984f-9325122678b7', 'deb92374-55c1-4e43-9628-2230fa245f10', NULL, '45b5fbd3-755f-4379-8f07-a58d4a30fa2f', 0, 0, 'Notification', '{"0f8a494f-6474-4c44-99f4-7f84d69378fa": "New status created", "1719c69a-4f60-48c2-bc07-d6b564fd3b15": "71a4e8c3-40e1-4ef0-aa1b-e70c79addd4a", "2c5f1928-7430-4ffd-a05c-189bba8b4f04": "888b45ed-fa87-4dc6-819b-2ed6d6311c3e", "48ad0c9c-dfbf-47b2-b584-8a7757154db1": 8, "5af26c51-b7ce-459f-8e67-7546543c7c50": "4a8ba6c4-804e-44de-a252-8b1d084b8767", "6ff280cd-7df8-4285-b9e0-b0db8aba7ee5": [], "7444a975-f2a3-49b2-97c5-cde23ac2ebe0": "https://randomuser.me/api/portraits/thumb/lego/1.jpg", "7ab580ad-0bce-4821-9dd9-9c1998a0dd38": 2, "931d0e60-a712-4050-abd0-74617ed32ac2": ["888b45ed-fa87-4dc6-819b-2ed6d6311c3e#71a4e8c3-40e1-4ef0-aa1b-e70c79addd4a"], "a7cd05f4-09d2-48e0-a321-39689a6a38c2": null, "c27392c3-71fc-4231-ad2d-83bedcc2c123": "45b5fbd3-755f-4379-8f07-a58d4a30fa2f", "ddf426af-b0eb-4571-a39c-6e690aea6e8f": ["d3a82b9e-f5a2-42ef-90e0-e9653082e436"], "de3942e3-5d97-4f9f-a0f9-82ea4486f68c": "3cf17266-3473-4006-984f-9325122678b7", "eb7c6f4b-94db-40db-94a1-93e1777c2d19": "vijay", "ed395fd7-5e6d-4c67-9b4f-119fd9609e02": "New status created. Completed"}', 'null', false, '2023-03-26 22:27:14.220597', 1679869634);
INSERT INTO public.items (item_id, account_id, entity_id, genie_id, user_id, state, type, name, fieldsb, metab, is_public, created_at, updated_at) VALUES ('478fb932-522f-48dd-946b-9522a5392a30', '3cf17266-3473-4006-984f-9325122678b7', '888b45ed-fa87-4dc6-819b-2ed6d6311c3e', NULL, '45b5fbd3-755f-4379-8f07-a58d4a30fa2f', 0, 1, 'System Generated', '{"20bbbea5-c38b-4032-88db-6e65169322c6": "neg", "31570e27-2ed2-4985-a994-dbab6c30814f": "Blocked", "89f945e3-f08a-4963-ba27-39db8fef302e": "#FF8C8C"}', 'null', false, '2023-03-26 22:27:14.228657', 1679869634);
INSERT INTO public.items (item_id, account_id, entity_id, genie_id, user_id, state, type, name, fieldsb, metab, is_public, created_at, updated_at) VALUES ('b8f29edd-ae11-4766-a56f-c6c06a19ef57', '3cf17266-3473-4006-984f-9325122678b7', 'deb92374-55c1-4e43-9628-2230fa245f10', NULL, '45b5fbd3-755f-4379-8f07-a58d4a30fa2f', 0, 0, 'Notification', '{"0f8a494f-6474-4c44-99f4-7f84d69378fa": "New status created", "1719c69a-4f60-48c2-bc07-d6b564fd3b15": "478fb932-522f-48dd-946b-9522a5392a30", "2c5f1928-7430-4ffd-a05c-189bba8b4f04": "888b45ed-fa87-4dc6-819b-2ed6d6311c3e", "48ad0c9c-dfbf-47b2-b584-8a7757154db1": 8, "5af26c51-b7ce-459f-8e67-7546543c7c50": "4a8ba6c4-804e-44de-a252-8b1d084b8767", "6ff280cd-7df8-4285-b9e0-b0db8aba7ee5": [], "7444a975-f2a3-49b2-97c5-cde23ac2ebe0": "https://randomuser.me/api/portraits/thumb/lego/1.jpg", "7ab580ad-0bce-4821-9dd9-9c1998a0dd38": 2, "931d0e60-a712-4050-abd0-74617ed32ac2": ["888b45ed-fa87-4dc6-819b-2ed6d6311c3e#478fb932-522f-48dd-946b-9522a5392a30"], "a7cd05f4-09d2-48e0-a321-39689a6a38c2": null, "c27392c3-71fc-4231-ad2d-83bedcc2c123": "45b5fbd3-755f-4379-8f07-a58d4a30fa2f", "ddf426af-b0eb-4571-a39c-6e690aea6e8f": ["d3a82b9e-f5a2-42ef-90e0-e9653082e436"], "de3942e3-5d97-4f9f-a0f9-82ea4486f68c": "3cf17266-3473-4006-984f-9325122678b7", "eb7c6f4b-94db-40db-94a1-93e1777c2d19": "vijay", "ed395fd7-5e6d-4c67-9b4f-119fd9609e02": "New status created. Blocked"}', 'null', false, '2023-03-26 22:27:14.239884', 1679869634);
INSERT INTO public.items (item_id, account_id, entity_id, genie_id, user_id, state, type, name, fieldsb, metab, is_public, created_at, updated_at) VALUES ('c28965dd-7d0c-4f03-8835-db1f39134123', '3cf17266-3473-4006-984f-9325122678b7', 'ce2ab1c1-2bae-4bfa-a845-e4c47898d999', NULL, '45b5fbd3-755f-4379-8f07-a58d4a30fa2f', 0, 1, 'System Generated', '{"2cafd829-57c8-4417-8d3a-447cb3b01e33": "Waiting for approval", "8ad176a0-7ac7-4d20-8deb-18361bf8c87b": "none", "a7a500e6-e14a-4a07-b737-980e4c6a4cc2": "#79DAE8", "a95fedc2-3b4d-458d-a81b-47675309064b": "waiting_for_approval"}', 'null', false, '2023-03-26 22:27:14.251057', 1679869634);
INSERT INTO public.items (item_id, account_id, entity_id, genie_id, user_id, state, type, name, fieldsb, metab, is_public, created_at, updated_at) VALUES ('f4bcb1ba-945b-4738-9311-fed88cdfcae8', '3cf17266-3473-4006-984f-9325122678b7', 'deb92374-55c1-4e43-9628-2230fa245f10', NULL, '45b5fbd3-755f-4379-8f07-a58d4a30fa2f', 0, 0, 'Notification', '{"0f8a494f-6474-4c44-99f4-7f84d69378fa": "New approval status created", "1719c69a-4f60-48c2-bc07-d6b564fd3b15": "c28965dd-7d0c-4f03-8835-db1f39134123", "2c5f1928-7430-4ffd-a05c-189bba8b4f04": "ce2ab1c1-2bae-4bfa-a845-e4c47898d999", "48ad0c9c-dfbf-47b2-b584-8a7757154db1": 8, "5af26c51-b7ce-459f-8e67-7546543c7c50": "4a8ba6c4-804e-44de-a252-8b1d084b8767", "6ff280cd-7df8-4285-b9e0-b0db8aba7ee5": [], "7444a975-f2a3-49b2-97c5-cde23ac2ebe0": "https://randomuser.me/api/portraits/thumb/lego/1.jpg", "7ab580ad-0bce-4821-9dd9-9c1998a0dd38": 2, "931d0e60-a712-4050-abd0-74617ed32ac2": ["ce2ab1c1-2bae-4bfa-a845-e4c47898d999#c28965dd-7d0c-4f03-8835-db1f39134123"], "a7cd05f4-09d2-48e0-a321-39689a6a38c2": null, "c27392c3-71fc-4231-ad2d-83bedcc2c123": "45b5fbd3-755f-4379-8f07-a58d4a30fa2f", "ddf426af-b0eb-4571-a39c-6e690aea6e8f": ["d3a82b9e-f5a2-42ef-90e0-e9653082e436"], "de3942e3-5d97-4f9f-a0f9-82ea4486f68c": "3cf17266-3473-4006-984f-9325122678b7", "eb7c6f4b-94db-40db-94a1-93e1777c2d19": "vijay", "ed395fd7-5e6d-4c67-9b4f-119fd9609e02": "New approval status created. Waiting for approval"}', 'null', false, '2023-03-26 22:27:14.265153', 1679869634);
INSERT INTO public.items (item_id, account_id, entity_id, genie_id, user_id, state, type, name, fieldsb, metab, is_public, created_at, updated_at) VALUES ('e15af7e2-2241-4c63-a8b0-985ae4b2881d', '3cf17266-3473-4006-984f-9325122678b7', 'ce2ab1c1-2bae-4bfa-a845-e4c47898d999', NULL, '45b5fbd3-755f-4379-8f07-a58d4a30fa2f', 0, 1, 'System Generated', '{"2cafd829-57c8-4417-8d3a-447cb3b01e33": "Change requested", "8ad176a0-7ac7-4d20-8deb-18361bf8c87b": "neg", "a7a500e6-e14a-4a07-b737-980e4c6a4cc2": "#FFEF82", "a95fedc2-3b4d-458d-a81b-47675309064b": "change_requested"}', 'null', false, '2023-03-26 22:27:14.276527', 1679869634);
INSERT INTO public.items (item_id, account_id, entity_id, genie_id, user_id, state, type, name, fieldsb, metab, is_public, created_at, updated_at) VALUES ('9458893f-ece0-4906-8963-8339f9ffa04d', '3cf17266-3473-4006-984f-9325122678b7', 'deb92374-55c1-4e43-9628-2230fa245f10', NULL, '45b5fbd3-755f-4379-8f07-a58d4a30fa2f', 0, 0, 'Notification', '{"0f8a494f-6474-4c44-99f4-7f84d69378fa": "New approval status created", "1719c69a-4f60-48c2-bc07-d6b564fd3b15": "e15af7e2-2241-4c63-a8b0-985ae4b2881d", "2c5f1928-7430-4ffd-a05c-189bba8b4f04": "ce2ab1c1-2bae-4bfa-a845-e4c47898d999", "48ad0c9c-dfbf-47b2-b584-8a7757154db1": 8, "5af26c51-b7ce-459f-8e67-7546543c7c50": "4a8ba6c4-804e-44de-a252-8b1d084b8767", "6ff280cd-7df8-4285-b9e0-b0db8aba7ee5": [], "7444a975-f2a3-49b2-97c5-cde23ac2ebe0": "https://randomuser.me/api/portraits/thumb/lego/1.jpg", "7ab580ad-0bce-4821-9dd9-9c1998a0dd38": 2, "931d0e60-a712-4050-abd0-74617ed32ac2": ["ce2ab1c1-2bae-4bfa-a845-e4c47898d999#e15af7e2-2241-4c63-a8b0-985ae4b2881d"], "a7cd05f4-09d2-48e0-a321-39689a6a38c2": null, "c27392c3-71fc-4231-ad2d-83bedcc2c123": "45b5fbd3-755f-4379-8f07-a58d4a30fa2f", "ddf426af-b0eb-4571-a39c-6e690aea6e8f": ["d3a82b9e-f5a2-42ef-90e0-e9653082e436"], "de3942e3-5d97-4f9f-a0f9-82ea4486f68c": "3cf17266-3473-4006-984f-9325122678b7", "eb7c6f4b-94db-40db-94a1-93e1777c2d19": "vijay", "ed395fd7-5e6d-4c67-9b4f-119fd9609e02": "New approval status created. Change requested"}', 'null', false, '2023-03-26 22:27:14.287836', 1679869634);
INSERT INTO public.items (item_id, account_id, entity_id, genie_id, user_id, state, type, name, fieldsb, metab, is_public, created_at, updated_at) VALUES ('a6669c54-b478-4c72-9bc3-a9990f4c123a', '3cf17266-3473-4006-984f-9325122678b7', 'ce2ab1c1-2bae-4bfa-a845-e4c47898d999', NULL, '45b5fbd3-755f-4379-8f07-a58d4a30fa2f', 0, 1, 'System Generated', '{"2cafd829-57c8-4417-8d3a-447cb3b01e33": "Approved", "8ad176a0-7ac7-4d20-8deb-18361bf8c87b": "done", "a7a500e6-e14a-4a07-b737-980e4c6a4cc2": "#B4E197", "a95fedc2-3b4d-458d-a81b-47675309064b": "approved"}', 'null', false, '2023-03-26 22:27:14.299391', 1679869634);
INSERT INTO public.items (item_id, account_id, entity_id, genie_id, user_id, state, type, name, fieldsb, metab, is_public, created_at, updated_at) VALUES ('709153ad-450d-4ab3-a902-727afbb5c3c5', '3cf17266-3473-4006-984f-9325122678b7', 'deb92374-55c1-4e43-9628-2230fa245f10', NULL, '45b5fbd3-755f-4379-8f07-a58d4a30fa2f', 0, 0, 'Notification', '{"0f8a494f-6474-4c44-99f4-7f84d69378fa": "New approval status created", "1719c69a-4f60-48c2-bc07-d6b564fd3b15": "a6669c54-b478-4c72-9bc3-a9990f4c123a", "2c5f1928-7430-4ffd-a05c-189bba8b4f04": "ce2ab1c1-2bae-4bfa-a845-e4c47898d999", "48ad0c9c-dfbf-47b2-b584-8a7757154db1": 8, "5af26c51-b7ce-459f-8e67-7546543c7c50": "4a8ba6c4-804e-44de-a252-8b1d084b8767", "6ff280cd-7df8-4285-b9e0-b0db8aba7ee5": [], "7444a975-f2a3-49b2-97c5-cde23ac2ebe0": "https://randomuser.me/api/portraits/thumb/lego/1.jpg", "7ab580ad-0bce-4821-9dd9-9c1998a0dd38": 2, "931d0e60-a712-4050-abd0-74617ed32ac2": ["ce2ab1c1-2bae-4bfa-a845-e4c47898d999#a6669c54-b478-4c72-9bc3-a9990f4c123a"], "a7cd05f4-09d2-48e0-a321-39689a6a38c2": null, "c27392c3-71fc-4231-ad2d-83bedcc2c123": "45b5fbd3-755f-4379-8f07-a58d4a30fa2f", "ddf426af-b0eb-4571-a39c-6e690aea6e8f": ["d3a82b9e-f5a2-42ef-90e0-e9653082e436"], "de3942e3-5d97-4f9f-a0f9-82ea4486f68c": "3cf17266-3473-4006-984f-9325122678b7", "eb7c6f4b-94db-40db-94a1-93e1777c2d19": "vijay", "ed395fd7-5e6d-4c67-9b4f-119fd9609e02": "New approval status created. Approved"}', 'null', false, '2023-03-26 22:27:14.311419', 1679869634);
INSERT INTO public.items (item_id, account_id, entity_id, genie_id, user_id, state, type, name, fieldsb, metab, is_public, created_at, updated_at) VALUES ('835e8396-0ed9-49c8-a500-4d11d7cb13e7', '3cf17266-3473-4006-984f-9325122678b7', 'b200a7da-c188-447f-b90e-8237835cf56e', NULL, '45b5fbd3-755f-4379-8f07-a58d4a30fa2f', 0, 1, 'System Generated', '{"28ff6bb6-a0f2-4df6-a9aa-6def3ca06305": "#FFC54D", "8b8c1ced-17a3-4815-92d7-d36b501d7bfc": "Warning", "ac9ca111-4f85-45b7-a430-03a3e7c6215a": ""}', 'null', false, '2023-03-26 22:27:14.323455', 1679869634);
INSERT INTO public.items (item_id, account_id, entity_id, genie_id, user_id, state, type, name, fieldsb, metab, is_public, created_at, updated_at) VALUES ('417511d7-5841-470b-ae15-0d1563630816', '3cf17266-3473-4006-984f-9325122678b7', 'deb92374-55c1-4e43-9628-2230fa245f10', NULL, '45b5fbd3-755f-4379-8f07-a58d4a30fa2f', 0, 0, 'Notification', '{"0f8a494f-6474-4c44-99f4-7f84d69378fa": "New incident type created", "1719c69a-4f60-48c2-bc07-d6b564fd3b15": "835e8396-0ed9-49c8-a500-4d11d7cb13e7", "2c5f1928-7430-4ffd-a05c-189bba8b4f04": "b200a7da-c188-447f-b90e-8237835cf56e", "48ad0c9c-dfbf-47b2-b584-8a7757154db1": 8, "5af26c51-b7ce-459f-8e67-7546543c7c50": "4a8ba6c4-804e-44de-a252-8b1d084b8767", "6ff280cd-7df8-4285-b9e0-b0db8aba7ee5": [], "7444a975-f2a3-49b2-97c5-cde23ac2ebe0": "https://randomuser.me/api/portraits/thumb/lego/1.jpg", "7ab580ad-0bce-4821-9dd9-9c1998a0dd38": 2, "931d0e60-a712-4050-abd0-74617ed32ac2": ["b200a7da-c188-447f-b90e-8237835cf56e#835e8396-0ed9-49c8-a500-4d11d7cb13e7"], "a7cd05f4-09d2-48e0-a321-39689a6a38c2": null, "c27392c3-71fc-4231-ad2d-83bedcc2c123": "45b5fbd3-755f-4379-8f07-a58d4a30fa2f", "ddf426af-b0eb-4571-a39c-6e690aea6e8f": ["d3a82b9e-f5a2-42ef-90e0-e9653082e436"], "de3942e3-5d97-4f9f-a0f9-82ea4486f68c": "3cf17266-3473-4006-984f-9325122678b7", "eb7c6f4b-94db-40db-94a1-93e1777c2d19": "vijay", "ed395fd7-5e6d-4c67-9b4f-119fd9609e02": "New incident type created. Warning"}', 'null', false, '2023-03-26 22:27:14.33832', 1679869634);
INSERT INTO public.items (item_id, account_id, entity_id, genie_id, user_id, state, type, name, fieldsb, metab, is_public, created_at, updated_at) VALUES ('e680eca6-6d23-4f5a-8b7a-4f6755bf2f7d', '3cf17266-3473-4006-984f-9325122678b7', 'b200a7da-c188-447f-b90e-8237835cf56e', NULL, '45b5fbd3-755f-4379-8f07-a58d4a30fa2f', 0, 1, 'System Generated', '{"28ff6bb6-a0f2-4df6-a9aa-6def3ca06305": "#53BF9D", "8b8c1ced-17a3-4815-92d7-d36b501d7bfc": "Error", "ac9ca111-4f85-45b7-a430-03a3e7c6215a": ""}', 'null', false, '2023-03-26 22:27:14.349307', 1679869634);
INSERT INTO public.items (item_id, account_id, entity_id, genie_id, user_id, state, type, name, fieldsb, metab, is_public, created_at, updated_at) VALUES ('73d508e7-3308-4e20-9f88-a3c15ba60a13', '3cf17266-3473-4006-984f-9325122678b7', 'deb92374-55c1-4e43-9628-2230fa245f10', NULL, '45b5fbd3-755f-4379-8f07-a58d4a30fa2f', 0, 0, 'Notification', '{"0f8a494f-6474-4c44-99f4-7f84d69378fa": "New incident type created", "1719c69a-4f60-48c2-bc07-d6b564fd3b15": "e680eca6-6d23-4f5a-8b7a-4f6755bf2f7d", "2c5f1928-7430-4ffd-a05c-189bba8b4f04": "b200a7da-c188-447f-b90e-8237835cf56e", "48ad0c9c-dfbf-47b2-b584-8a7757154db1": 8, "5af26c51-b7ce-459f-8e67-7546543c7c50": "4a8ba6c4-804e-44de-a252-8b1d084b8767", "6ff280cd-7df8-4285-b9e0-b0db8aba7ee5": [], "7444a975-f2a3-49b2-97c5-cde23ac2ebe0": "https://randomuser.me/api/portraits/thumb/lego/1.jpg", "7ab580ad-0bce-4821-9dd9-9c1998a0dd38": 2, "931d0e60-a712-4050-abd0-74617ed32ac2": ["b200a7da-c188-447f-b90e-8237835cf56e#e680eca6-6d23-4f5a-8b7a-4f6755bf2f7d"], "a7cd05f4-09d2-48e0-a321-39689a6a38c2": null, "c27392c3-71fc-4231-ad2d-83bedcc2c123": "45b5fbd3-755f-4379-8f07-a58d4a30fa2f", "ddf426af-b0eb-4571-a39c-6e690aea6e8f": ["d3a82b9e-f5a2-42ef-90e0-e9653082e436"], "de3942e3-5d97-4f9f-a0f9-82ea4486f68c": "3cf17266-3473-4006-984f-9325122678b7", "eb7c6f4b-94db-40db-94a1-93e1777c2d19": "vijay", "ed395fd7-5e6d-4c67-9b4f-119fd9609e02": "New incident type created. Error"}', 'null', false, '2023-03-26 22:27:14.358575', 1679869634);
INSERT INTO public.items (item_id, account_id, entity_id, genie_id, user_id, state, type, name, fieldsb, metab, is_public, created_at, updated_at) VALUES ('9b3cf341-198a-46c5-9d6b-d9490db76fe8', '3cf17266-3473-4006-984f-9325122678b7', 'b200a7da-c188-447f-b90e-8237835cf56e', NULL, '45b5fbd3-755f-4379-8f07-a58d4a30fa2f', 0, 1, 'System Generated', '{"28ff6bb6-a0f2-4df6-a9aa-6def3ca06305": "#BD4291", "8b8c1ced-17a3-4815-92d7-d36b501d7bfc": "Bug", "ac9ca111-4f85-45b7-a430-03a3e7c6215a": ""}', 'null', false, '2023-03-26 22:27:14.368165', 1679869634);
INSERT INTO public.items (item_id, account_id, entity_id, genie_id, user_id, state, type, name, fieldsb, metab, is_public, created_at, updated_at) VALUES ('a50f8a3a-a5b1-46cf-a94b-1b5cafcc6804', '3cf17266-3473-4006-984f-9325122678b7', 'deb92374-55c1-4e43-9628-2230fa245f10', NULL, '45b5fbd3-755f-4379-8f07-a58d4a30fa2f', 0, 0, 'Notification', '{"0f8a494f-6474-4c44-99f4-7f84d69378fa": "New incident type created", "1719c69a-4f60-48c2-bc07-d6b564fd3b15": "9b3cf341-198a-46c5-9d6b-d9490db76fe8", "2c5f1928-7430-4ffd-a05c-189bba8b4f04": "b200a7da-c188-447f-b90e-8237835cf56e", "48ad0c9c-dfbf-47b2-b584-8a7757154db1": 8, "5af26c51-b7ce-459f-8e67-7546543c7c50": "4a8ba6c4-804e-44de-a252-8b1d084b8767", "6ff280cd-7df8-4285-b9e0-b0db8aba7ee5": [], "7444a975-f2a3-49b2-97c5-cde23ac2ebe0": "https://randomuser.me/api/portraits/thumb/lego/1.jpg", "7ab580ad-0bce-4821-9dd9-9c1998a0dd38": 2, "931d0e60-a712-4050-abd0-74617ed32ac2": ["b200a7da-c188-447f-b90e-8237835cf56e#9b3cf341-198a-46c5-9d6b-d9490db76fe8"], "a7cd05f4-09d2-48e0-a321-39689a6a38c2": null, "c27392c3-71fc-4231-ad2d-83bedcc2c123": "45b5fbd3-755f-4379-8f07-a58d4a30fa2f", "ddf426af-b0eb-4571-a39c-6e690aea6e8f": ["d3a82b9e-f5a2-42ef-90e0-e9653082e436"], "de3942e3-5d97-4f9f-a0f9-82ea4486f68c": "3cf17266-3473-4006-984f-9325122678b7", "eb7c6f4b-94db-40db-94a1-93e1777c2d19": "vijay", "ed395fd7-5e6d-4c67-9b4f-119fd9609e02": "New incident type created. Bug"}', 'null', false, '2023-03-26 22:27:14.378206', 1679869634);
INSERT INTO public.items (item_id, account_id, entity_id, genie_id, user_id, state, type, name, fieldsb, metab, is_public, created_at, updated_at) VALUES ('315f6b10-d83b-4853-9625-6b871ca7cf6d', '3cf17266-3473-4006-984f-9325122678b7', 'b200a7da-c188-447f-b90e-8237835cf56e', NULL, '45b5fbd3-755f-4379-8f07-a58d4a30fa2f', 0, 1, 'System Generated', '{"28ff6bb6-a0f2-4df6-a9aa-6def3ca06305": "#F94C66", "8b8c1ced-17a3-4815-92d7-d36b501d7bfc": "Service Down", "ac9ca111-4f85-45b7-a430-03a3e7c6215a": ""}', 'null', false, '2023-03-26 22:27:14.391716', 1679869634);
INSERT INTO public.items (item_id, account_id, entity_id, genie_id, user_id, state, type, name, fieldsb, metab, is_public, created_at, updated_at) VALUES ('e12bcde6-d6b2-465f-9d62-a0ae0591ba81', '3cf17266-3473-4006-984f-9325122678b7', 'deb92374-55c1-4e43-9628-2230fa245f10', NULL, '45b5fbd3-755f-4379-8f07-a58d4a30fa2f', 0, 0, 'Notification', '{"0f8a494f-6474-4c44-99f4-7f84d69378fa": "New incident type created", "1719c69a-4f60-48c2-bc07-d6b564fd3b15": "315f6b10-d83b-4853-9625-6b871ca7cf6d", "2c5f1928-7430-4ffd-a05c-189bba8b4f04": "b200a7da-c188-447f-b90e-8237835cf56e", "48ad0c9c-dfbf-47b2-b584-8a7757154db1": 8, "5af26c51-b7ce-459f-8e67-7546543c7c50": "4a8ba6c4-804e-44de-a252-8b1d084b8767", "6ff280cd-7df8-4285-b9e0-b0db8aba7ee5": [], "7444a975-f2a3-49b2-97c5-cde23ac2ebe0": "https://randomuser.me/api/portraits/thumb/lego/1.jpg", "7ab580ad-0bce-4821-9dd9-9c1998a0dd38": 2, "931d0e60-a712-4050-abd0-74617ed32ac2": ["b200a7da-c188-447f-b90e-8237835cf56e#315f6b10-d83b-4853-9625-6b871ca7cf6d"], "a7cd05f4-09d2-48e0-a321-39689a6a38c2": null, "c27392c3-71fc-4231-ad2d-83bedcc2c123": "45b5fbd3-755f-4379-8f07-a58d4a30fa2f", "ddf426af-b0eb-4571-a39c-6e690aea6e8f": ["d3a82b9e-f5a2-42ef-90e0-e9653082e436"], "de3942e3-5d97-4f9f-a0f9-82ea4486f68c": "3cf17266-3473-4006-984f-9325122678b7", "eb7c6f4b-94db-40db-94a1-93e1777c2d19": "vijay", "ed395fd7-5e6d-4c67-9b4f-119fd9609e02": "New incident type created. Service Down"}', 'null', false, '2023-03-26 22:27:14.401719', 1679869634);
INSERT INTO public.items (item_id, account_id, entity_id, genie_id, user_id, state, type, name, fieldsb, metab, is_public, created_at, updated_at) VALUES ('f5d1ffbc-8c65-41d2-b6ae-0b37cfe51db5', '3cf17266-3473-4006-984f-9325122678b7', '71e90e85-4b09-44bf-b0f1-8b1cdfadc098', NULL, '45b5fbd3-755f-4379-8f07-a58d4a30fa2f', 0, 1, 'System Generated', '{"3f462f12-ca42-40ab-bdf9-096be28f1375": "Anomaly", "45ce41ca-4b8f-4a02-bb16-e80f4598f01d": "", "d44b1a19-e274-41f2-b7c2-ec78a44c01d4": "#FFC54D"}', 'null', false, '2023-03-26 22:27:14.413257', 1679869634);
INSERT INTO public.items (item_id, account_id, entity_id, genie_id, user_id, state, type, name, fieldsb, metab, is_public, created_at, updated_at) VALUES ('74662e43-61cd-421a-b7ac-ec7a486bcbe1', '3cf17266-3473-4006-984f-9325122678b7', 'deb92374-55c1-4e43-9628-2230fa245f10', NULL, '45b5fbd3-755f-4379-8f07-a58d4a30fa2f', 0, 0, 'Notification', '{"0f8a494f-6474-4c44-99f4-7f84d69378fa": "New incident category created", "1719c69a-4f60-48c2-bc07-d6b564fd3b15": "f5d1ffbc-8c65-41d2-b6ae-0b37cfe51db5", "2c5f1928-7430-4ffd-a05c-189bba8b4f04": "71e90e85-4b09-44bf-b0f1-8b1cdfadc098", "48ad0c9c-dfbf-47b2-b584-8a7757154db1": 8, "5af26c51-b7ce-459f-8e67-7546543c7c50": "4a8ba6c4-804e-44de-a252-8b1d084b8767", "6ff280cd-7df8-4285-b9e0-b0db8aba7ee5": [], "7444a975-f2a3-49b2-97c5-cde23ac2ebe0": "https://randomuser.me/api/portraits/thumb/lego/1.jpg", "7ab580ad-0bce-4821-9dd9-9c1998a0dd38": 2, "931d0e60-a712-4050-abd0-74617ed32ac2": ["71e90e85-4b09-44bf-b0f1-8b1cdfadc098#f5d1ffbc-8c65-41d2-b6ae-0b37cfe51db5"], "a7cd05f4-09d2-48e0-a321-39689a6a38c2": null, "c27392c3-71fc-4231-ad2d-83bedcc2c123": "45b5fbd3-755f-4379-8f07-a58d4a30fa2f", "ddf426af-b0eb-4571-a39c-6e690aea6e8f": ["d3a82b9e-f5a2-42ef-90e0-e9653082e436"], "de3942e3-5d97-4f9f-a0f9-82ea4486f68c": "3cf17266-3473-4006-984f-9325122678b7", "eb7c6f4b-94db-40db-94a1-93e1777c2d19": "vijay", "ed395fd7-5e6d-4c67-9b4f-119fd9609e02": "New incident category created. Anomaly"}', 'null', false, '2023-03-26 22:27:14.426893', 1679869634);
INSERT INTO public.items (item_id, account_id, entity_id, genie_id, user_id, state, type, name, fieldsb, metab, is_public, created_at, updated_at) VALUES ('2c234ec2-a86a-4af3-b8f1-074ef1a4c8c9', '3cf17266-3473-4006-984f-9325122678b7', '71e90e85-4b09-44bf-b0f1-8b1cdfadc098', NULL, '45b5fbd3-755f-4379-8f07-a58d4a30fa2f', 0, 1, 'System Generated', '{"3f462f12-ca42-40ab-bdf9-096be28f1375": "Frequent", "45ce41ca-4b8f-4a02-bb16-e80f4598f01d": "", "d44b1a19-e274-41f2-b7c2-ec78a44c01d4": "#53BF9D"}', 'null', false, '2023-03-26 22:27:14.436063', 1679869634);
INSERT INTO public.items (item_id, account_id, entity_id, genie_id, user_id, state, type, name, fieldsb, metab, is_public, created_at, updated_at) VALUES ('b913ff31-fdfa-482b-b269-db84b6ba6024', '3cf17266-3473-4006-984f-9325122678b7', 'deb92374-55c1-4e43-9628-2230fa245f10', NULL, '45b5fbd3-755f-4379-8f07-a58d4a30fa2f', 0, 0, 'Notification', '{"0f8a494f-6474-4c44-99f4-7f84d69378fa": "New incident category created", "1719c69a-4f60-48c2-bc07-d6b564fd3b15": "2c234ec2-a86a-4af3-b8f1-074ef1a4c8c9", "2c5f1928-7430-4ffd-a05c-189bba8b4f04": "71e90e85-4b09-44bf-b0f1-8b1cdfadc098", "48ad0c9c-dfbf-47b2-b584-8a7757154db1": 8, "5af26c51-b7ce-459f-8e67-7546543c7c50": "4a8ba6c4-804e-44de-a252-8b1d084b8767", "6ff280cd-7df8-4285-b9e0-b0db8aba7ee5": [], "7444a975-f2a3-49b2-97c5-cde23ac2ebe0": "https://randomuser.me/api/portraits/thumb/lego/1.jpg", "7ab580ad-0bce-4821-9dd9-9c1998a0dd38": 2, "931d0e60-a712-4050-abd0-74617ed32ac2": ["71e90e85-4b09-44bf-b0f1-8b1cdfadc098#2c234ec2-a86a-4af3-b8f1-074ef1a4c8c9"], "a7cd05f4-09d2-48e0-a321-39689a6a38c2": null, "c27392c3-71fc-4231-ad2d-83bedcc2c123": "45b5fbd3-755f-4379-8f07-a58d4a30fa2f", "ddf426af-b0eb-4571-a39c-6e690aea6e8f": ["d3a82b9e-f5a2-42ef-90e0-e9653082e436"], "de3942e3-5d97-4f9f-a0f9-82ea4486f68c": "3cf17266-3473-4006-984f-9325122678b7", "eb7c6f4b-94db-40db-94a1-93e1777c2d19": "vijay", "ed395fd7-5e6d-4c67-9b4f-119fd9609e02": "New incident category created. Frequent"}', 'null', false, '2023-03-26 22:27:14.445855', 1679869634);
INSERT INTO public.items (item_id, account_id, entity_id, genie_id, user_id, state, type, name, fieldsb, metab, is_public, created_at, updated_at) VALUES ('e5b54a33-f6d0-438b-b7ba-f38c71278cac', '3cf17266-3473-4006-984f-9325122678b7', '71e90e85-4b09-44bf-b0f1-8b1cdfadc098', NULL, '45b5fbd3-755f-4379-8f07-a58d4a30fa2f', 0, 1, 'System Generated', '{"3f462f12-ca42-40ab-bdf9-096be28f1375": "Rare", "45ce41ca-4b8f-4a02-bb16-e80f4598f01d": "", "d44b1a19-e274-41f2-b7c2-ec78a44c01d4": "#BD4291"}', 'null', false, '2023-03-26 22:27:14.455791', 1679869634);
INSERT INTO public.items (item_id, account_id, entity_id, genie_id, user_id, state, type, name, fieldsb, metab, is_public, created_at, updated_at) VALUES ('8d4664d3-df44-4e81-b7a9-d3728177b7cb', '3cf17266-3473-4006-984f-9325122678b7', 'deb92374-55c1-4e43-9628-2230fa245f10', NULL, '45b5fbd3-755f-4379-8f07-a58d4a30fa2f', 0, 0, 'Notification', '{"0f8a494f-6474-4c44-99f4-7f84d69378fa": "New incident category created", "1719c69a-4f60-48c2-bc07-d6b564fd3b15": "e5b54a33-f6d0-438b-b7ba-f38c71278cac", "2c5f1928-7430-4ffd-a05c-189bba8b4f04": "71e90e85-4b09-44bf-b0f1-8b1cdfadc098", "48ad0c9c-dfbf-47b2-b584-8a7757154db1": 8, "5af26c51-b7ce-459f-8e67-7546543c7c50": "4a8ba6c4-804e-44de-a252-8b1d084b8767", "6ff280cd-7df8-4285-b9e0-b0db8aba7ee5": [], "7444a975-f2a3-49b2-97c5-cde23ac2ebe0": "https://randomuser.me/api/portraits/thumb/lego/1.jpg", "7ab580ad-0bce-4821-9dd9-9c1998a0dd38": 2, "931d0e60-a712-4050-abd0-74617ed32ac2": ["71e90e85-4b09-44bf-b0f1-8b1cdfadc098#e5b54a33-f6d0-438b-b7ba-f38c71278cac"], "a7cd05f4-09d2-48e0-a321-39689a6a38c2": null, "c27392c3-71fc-4231-ad2d-83bedcc2c123": "45b5fbd3-755f-4379-8f07-a58d4a30fa2f", "ddf426af-b0eb-4571-a39c-6e690aea6e8f": ["d3a82b9e-f5a2-42ef-90e0-e9653082e436"], "de3942e3-5d97-4f9f-a0f9-82ea4486f68c": "3cf17266-3473-4006-984f-9325122678b7", "eb7c6f4b-94db-40db-94a1-93e1777c2d19": "vijay", "ed395fd7-5e6d-4c67-9b4f-119fd9609e02": "New incident category created. Rare"}', 'null', false, '2023-03-26 22:27:14.466483', 1679869634);
INSERT INTO public.items (item_id, account_id, entity_id, genie_id, user_id, state, type, name, fieldsb, metab, is_public, created_at, updated_at) VALUES ('4ad10e5b-a4a5-4121-8c03-e6be42176a74', '3cf17266-3473-4006-984f-9325122678b7', 'deb92374-55c1-4e43-9628-2230fa245f10', NULL, '45b5fbd3-755f-4379-8f07-a58d4a30fa2f', 0, 0, 'Notification', '{"0f8a494f-6474-4c44-99f4-7f84d69378fa": "New incident priority created", "1719c69a-4f60-48c2-bc07-d6b564fd3b15": "2658ccf2-031a-4caa-b33d-b8ac3d6d513b", "2c5f1928-7430-4ffd-a05c-189bba8b4f04": "147d8920-bb7b-461b-b43e-dd63521d5c94", "48ad0c9c-dfbf-47b2-b584-8a7757154db1": 8, "5af26c51-b7ce-459f-8e67-7546543c7c50": "4a8ba6c4-804e-44de-a252-8b1d084b8767", "6ff280cd-7df8-4285-b9e0-b0db8aba7ee5": [], "7444a975-f2a3-49b2-97c5-cde23ac2ebe0": "https://randomuser.me/api/portraits/thumb/lego/1.jpg", "7ab580ad-0bce-4821-9dd9-9c1998a0dd38": 2, "931d0e60-a712-4050-abd0-74617ed32ac2": ["147d8920-bb7b-461b-b43e-dd63521d5c94#2658ccf2-031a-4caa-b33d-b8ac3d6d513b"], "a7cd05f4-09d2-48e0-a321-39689a6a38c2": null, "c27392c3-71fc-4231-ad2d-83bedcc2c123": "45b5fbd3-755f-4379-8f07-a58d4a30fa2f", "ddf426af-b0eb-4571-a39c-6e690aea6e8f": ["d3a82b9e-f5a2-42ef-90e0-e9653082e436"], "de3942e3-5d97-4f9f-a0f9-82ea4486f68c": "3cf17266-3473-4006-984f-9325122678b7", "eb7c6f4b-94db-40db-94a1-93e1777c2d19": "vijay", "ed395fd7-5e6d-4c67-9b4f-119fd9609e02": "New incident priority created. Low"}', 'null', false, '2023-03-26 22:27:14.49266', 1679869634);
INSERT INTO public.items (item_id, account_id, entity_id, genie_id, user_id, state, type, name, fieldsb, metab, is_public, created_at, updated_at) VALUES ('a013f4a0-aae5-4e66-ad4e-411d42ef5b4f', '3cf17266-3473-4006-984f-9325122678b7', '147d8920-bb7b-461b-b43e-dd63521d5c94', NULL, '45b5fbd3-755f-4379-8f07-a58d4a30fa2f', 0, 1, 'System Generated', '{"124c0393-8bdb-46b7-81c3-574f005245a6": "#FFC54D", "d47cf707-00f3-4463-a299-9459b7b7f999": "Normal"}', 'null', false, '2023-03-26 22:27:14.501985', 1679869634);
INSERT INTO public.items (item_id, account_id, entity_id, genie_id, user_id, state, type, name, fieldsb, metab, is_public, created_at, updated_at) VALUES ('2658ccf2-031a-4caa-b33d-b8ac3d6d513b', '3cf17266-3473-4006-984f-9325122678b7', '147d8920-bb7b-461b-b43e-dd63521d5c94', NULL, '45b5fbd3-755f-4379-8f07-a58d4a30fa2f', 0, 1, 'System Generated', '{"124c0393-8bdb-46b7-81c3-574f005245a6": "#D4F6CC", "d47cf707-00f3-4463-a299-9459b7b7f999": "Low", "fbb707b7-3382-496f-9f76-ec2455cf6de6": null}', 'null', false, '2023-03-26 22:27:14.479533', 1680115151);
INSERT INTO public.items (item_id, account_id, entity_id, genie_id, user_id, state, type, name, fieldsb, metab, is_public, created_at, updated_at) VALUES ('69adc224-74dc-4330-8818-f12330895aaf', '3cf17266-3473-4006-984f-9325122678b7', 'deb92374-55c1-4e43-9628-2230fa245f10', NULL, '45b5fbd3-755f-4379-8f07-a58d4a30fa2f', 0, 0, 'Notification', '{"0f8a494f-6474-4c44-99f4-7f84d69378fa": "New incident priority created", "1719c69a-4f60-48c2-bc07-d6b564fd3b15": "a013f4a0-aae5-4e66-ad4e-411d42ef5b4f", "2c5f1928-7430-4ffd-a05c-189bba8b4f04": "147d8920-bb7b-461b-b43e-dd63521d5c94", "48ad0c9c-dfbf-47b2-b584-8a7757154db1": 8, "5af26c51-b7ce-459f-8e67-7546543c7c50": "4a8ba6c4-804e-44de-a252-8b1d084b8767", "6ff280cd-7df8-4285-b9e0-b0db8aba7ee5": [], "7444a975-f2a3-49b2-97c5-cde23ac2ebe0": "https://randomuser.me/api/portraits/thumb/lego/1.jpg", "7ab580ad-0bce-4821-9dd9-9c1998a0dd38": 2, "931d0e60-a712-4050-abd0-74617ed32ac2": ["147d8920-bb7b-461b-b43e-dd63521d5c94#a013f4a0-aae5-4e66-ad4e-411d42ef5b4f"], "a7cd05f4-09d2-48e0-a321-39689a6a38c2": null, "c27392c3-71fc-4231-ad2d-83bedcc2c123": "45b5fbd3-755f-4379-8f07-a58d4a30fa2f", "ddf426af-b0eb-4571-a39c-6e690aea6e8f": ["d3a82b9e-f5a2-42ef-90e0-e9653082e436"], "de3942e3-5d97-4f9f-a0f9-82ea4486f68c": "3cf17266-3473-4006-984f-9325122678b7", "eb7c6f4b-94db-40db-94a1-93e1777c2d19": "vijay", "ed395fd7-5e6d-4c67-9b4f-119fd9609e02": "New incident priority created. Normal"}', 'null', false, '2023-03-26 22:27:14.513579', 1679869634);
INSERT INTO public.items (item_id, account_id, entity_id, genie_id, user_id, state, type, name, fieldsb, metab, is_public, created_at, updated_at) VALUES ('4dc8eae0-9fb2-4329-9e2a-5d5277ea0ef5', '3cf17266-3473-4006-984f-9325122678b7', '147d8920-bb7b-461b-b43e-dd63521d5c94', NULL, '45b5fbd3-755f-4379-8f07-a58d4a30fa2f', 0, 1, 'System Generated', '{"124c0393-8bdb-46b7-81c3-574f005245a6": "#BD4291", "d47cf707-00f3-4463-a299-9459b7b7f999": "High"}', 'null', false, '2023-03-26 22:27:14.522248', 1679869634);
INSERT INTO public.items (item_id, account_id, entity_id, genie_id, user_id, state, type, name, fieldsb, metab, is_public, created_at, updated_at) VALUES ('6a65b548-caa5-4b82-8429-d6d94911bc1a', '3cf17266-3473-4006-984f-9325122678b7', 'deb92374-55c1-4e43-9628-2230fa245f10', NULL, '45b5fbd3-755f-4379-8f07-a58d4a30fa2f', 0, 0, 'Notification', '{"0f8a494f-6474-4c44-99f4-7f84d69378fa": "New incident priority created", "1719c69a-4f60-48c2-bc07-d6b564fd3b15": "4dc8eae0-9fb2-4329-9e2a-5d5277ea0ef5", "2c5f1928-7430-4ffd-a05c-189bba8b4f04": "147d8920-bb7b-461b-b43e-dd63521d5c94", "48ad0c9c-dfbf-47b2-b584-8a7757154db1": 8, "5af26c51-b7ce-459f-8e67-7546543c7c50": "4a8ba6c4-804e-44de-a252-8b1d084b8767", "6ff280cd-7df8-4285-b9e0-b0db8aba7ee5": [], "7444a975-f2a3-49b2-97c5-cde23ac2ebe0": "https://randomuser.me/api/portraits/thumb/lego/1.jpg", "7ab580ad-0bce-4821-9dd9-9c1998a0dd38": 2, "931d0e60-a712-4050-abd0-74617ed32ac2": ["147d8920-bb7b-461b-b43e-dd63521d5c94#4dc8eae0-9fb2-4329-9e2a-5d5277ea0ef5"], "a7cd05f4-09d2-48e0-a321-39689a6a38c2": null, "c27392c3-71fc-4231-ad2d-83bedcc2c123": "45b5fbd3-755f-4379-8f07-a58d4a30fa2f", "ddf426af-b0eb-4571-a39c-6e690aea6e8f": ["d3a82b9e-f5a2-42ef-90e0-e9653082e436"], "de3942e3-5d97-4f9f-a0f9-82ea4486f68c": "3cf17266-3473-4006-984f-9325122678b7", "eb7c6f4b-94db-40db-94a1-93e1777c2d19": "vijay", "ed395fd7-5e6d-4c67-9b4f-119fd9609e02": "New incident priority created. High"}', 'null', false, '2023-03-26 22:27:14.532627', 1679869634);
INSERT INTO public.items (item_id, account_id, entity_id, genie_id, user_id, state, type, name, fieldsb, metab, is_public, created_at, updated_at) VALUES ('693204da-2045-4efe-94fa-60a74eb99cfe', '3cf17266-3473-4006-984f-9325122678b7', '147d8920-bb7b-461b-b43e-dd63521d5c94', NULL, '45b5fbd3-755f-4379-8f07-a58d4a30fa2f', 0, 1, 'System Generated', '{"124c0393-8bdb-46b7-81c3-574f005245a6": "#F94C66", "d47cf707-00f3-4463-a299-9459b7b7f999": "Critical"}', 'null', false, '2023-03-26 22:27:14.541962', 1679869634);
INSERT INTO public.items (item_id, account_id, entity_id, genie_id, user_id, state, type, name, fieldsb, metab, is_public, created_at, updated_at) VALUES ('198422bc-1299-462c-b9d9-974e6c6d17ea', '3cf17266-3473-4006-984f-9325122678b7', 'deb92374-55c1-4e43-9628-2230fa245f10', NULL, '45b5fbd3-755f-4379-8f07-a58d4a30fa2f', 0, 0, 'Notification', '{"0f8a494f-6474-4c44-99f4-7f84d69378fa": "New incident priority created", "1719c69a-4f60-48c2-bc07-d6b564fd3b15": "693204da-2045-4efe-94fa-60a74eb99cfe", "2c5f1928-7430-4ffd-a05c-189bba8b4f04": "147d8920-bb7b-461b-b43e-dd63521d5c94", "48ad0c9c-dfbf-47b2-b584-8a7757154db1": 8, "5af26c51-b7ce-459f-8e67-7546543c7c50": "4a8ba6c4-804e-44de-a252-8b1d084b8767", "6ff280cd-7df8-4285-b9e0-b0db8aba7ee5": [], "7444a975-f2a3-49b2-97c5-cde23ac2ebe0": "https://randomuser.me/api/portraits/thumb/lego/1.jpg", "7ab580ad-0bce-4821-9dd9-9c1998a0dd38": 2, "931d0e60-a712-4050-abd0-74617ed32ac2": ["147d8920-bb7b-461b-b43e-dd63521d5c94#693204da-2045-4efe-94fa-60a74eb99cfe"], "a7cd05f4-09d2-48e0-a321-39689a6a38c2": null, "c27392c3-71fc-4231-ad2d-83bedcc2c123": "45b5fbd3-755f-4379-8f07-a58d4a30fa2f", "ddf426af-b0eb-4571-a39c-6e690aea6e8f": ["d3a82b9e-f5a2-42ef-90e0-e9653082e436"], "de3942e3-5d97-4f9f-a0f9-82ea4486f68c": "3cf17266-3473-4006-984f-9325122678b7", "eb7c6f4b-94db-40db-94a1-93e1777c2d19": "vijay", "ed395fd7-5e6d-4c67-9b4f-119fd9609e02": "New incident priority created. Critical"}', 'null', false, '2023-03-26 22:27:14.553598', 1679869634);
INSERT INTO public.items (item_id, account_id, entity_id, genie_id, user_id, state, type, name, fieldsb, metab, is_public, created_at, updated_at) VALUES ('c92359c3-7313-4881-b885-b257788663f3', '3cf17266-3473-4006-984f-9325122678b7', 'd709fe09-7c42-42b6-b87b-93fb6506b635', NULL, '45b5fbd3-755f-4379-8f07-a58d4a30fa2f', 0, 1, 'System Generated', '{"4d5e119d-9e8c-4e71-91c5-21723e2f2ca3": "General", "821edf32-a0f3-4ec2-9804-c0ae16b48c13": null, "cafb1f8a-9cd8-4980-8d09-f67f2214b5ea": "conversations"}', 'null', false, '2023-03-26 22:27:14.591028', 1679869634);
INSERT INTO public.items (item_id, account_id, entity_id, genie_id, user_id, state, type, name, fieldsb, metab, is_public, created_at, updated_at) VALUES ('fa90d863-e7e6-4729-b1d6-ab18df3bf6b0', '3cf17266-3473-4006-984f-9325122678b7', 'deb92374-55c1-4e43-9628-2230fa245f10', NULL, '45b5fbd3-755f-4379-8f07-a58d4a30fa2f', 0, 0, 'Notification', '{"0f8a494f-6474-4c44-99f4-7f84d69378fa": "New stream created", "1719c69a-4f60-48c2-bc07-d6b564fd3b15": "c92359c3-7313-4881-b885-b257788663f3", "2c5f1928-7430-4ffd-a05c-189bba8b4f04": "d709fe09-7c42-42b6-b87b-93fb6506b635", "48ad0c9c-dfbf-47b2-b584-8a7757154db1": 17, "5af26c51-b7ce-459f-8e67-7546543c7c50": "4a8ba6c4-804e-44de-a252-8b1d084b8767", "6ff280cd-7df8-4285-b9e0-b0db8aba7ee5": [], "7444a975-f2a3-49b2-97c5-cde23ac2ebe0": "https://randomuser.me/api/portraits/thumb/lego/1.jpg", "7ab580ad-0bce-4821-9dd9-9c1998a0dd38": 2, "931d0e60-a712-4050-abd0-74617ed32ac2": ["d709fe09-7c42-42b6-b87b-93fb6506b635#c92359c3-7313-4881-b885-b257788663f3"], "a7cd05f4-09d2-48e0-a321-39689a6a38c2": null, "c27392c3-71fc-4231-ad2d-83bedcc2c123": "45b5fbd3-755f-4379-8f07-a58d4a30fa2f", "ddf426af-b0eb-4571-a39c-6e690aea6e8f": ["d3a82b9e-f5a2-42ef-90e0-e9653082e436"], "de3942e3-5d97-4f9f-a0f9-82ea4486f68c": "3cf17266-3473-4006-984f-9325122678b7", "eb7c6f4b-94db-40db-94a1-93e1777c2d19": "vijay", "ed395fd7-5e6d-4c67-9b4f-119fd9609e02": "New stream created. General"}', 'null', false, '2023-03-26 22:27:14.605044', 1679869634);
INSERT INTO public.items (item_id, account_id, entity_id, genie_id, user_id, state, type, name, fieldsb, metab, is_public, created_at, updated_at) VALUES ('90c1d2c8-f8bb-421e-9e96-d18b004be3db', '3cf17266-3473-4006-984f-9325122678b7', '753191f4-d154-4de5-b0c1-cb9e0537a597', NULL, '45b5fbd3-755f-4379-8f07-a58d4a30fa2f', 1, 0, 'Prepare documents', '{"4391af80-cecc-4783-a62a-661b6592a92d": "Prepare documents", "47742c1f-ffa1-43e3-931c-387bad1cc477": "Document the cause of fix of the incident", "7c4e2035-8e78-4fd1-a710-73f57de9cd80": "<<2023-03-26 15:27:14 -0700>>", "dd17e827-154c-43a3-b19b-5c23a1156215": "<<2023-03-26 15:27:14 -0700>>", "e530cb97-e176-44f7-9f3a-1a5170f345df": ["6c93f09e-fa62-4227-96ca-94cfd977a56e"]}', '{}', false, '2023-03-26 22:27:14.630788', 1679869634);
INSERT INTO public.items (item_id, account_id, entity_id, genie_id, user_id, state, type, name, fieldsb, metab, is_public, created_at, updated_at) VALUES ('0f2f06de-f860-4079-bc1e-e869fb2d8d6b', '3cf17266-3473-4006-984f-9325122678b7', '753191f4-d154-4de5-b0c1-cb9e0537a597', NULL, '45b5fbd3-755f-4379-8f07-a58d4a30fa2f', 1, 0, 'Notify managers', '{"4391af80-cecc-4783-a62a-661b6592a92d": "Notify managers", "47742c1f-ffa1-43e3-931c-387bad1cc477": "Notify the progress of incidents to managers", "7c4e2035-8e78-4fd1-a710-73f57de9cd80": "<<2023-03-26 15:27:14 -0700>>", "dd17e827-154c-43a3-b19b-5c23a1156215": "<<2023-03-26 15:27:14 -0700>>", "e530cb97-e176-44f7-9f3a-1a5170f345df": ["6c93f09e-fa62-4227-96ca-94cfd977a56e"]}', '{}', false, '2023-03-26 22:27:14.633429', 1679869634);
INSERT INTO public.items (item_id, account_id, entity_id, genie_id, user_id, state, type, name, fieldsb, metab, is_public, created_at, updated_at) VALUES ('8e6d8bc0-3a11-4976-aed4-8bf309867bd3', '3cf17266-3473-4006-984f-9325122678b7', '753191f4-d154-4de5-b0c1-cb9e0537a597', NULL, '45b5fbd3-755f-4379-8f07-a58d4a30fa2f', 1, 0, 'RCA', '{"4391af80-cecc-4783-a62a-661b6592a92d": "RCA", "47742c1f-ffa1-43e3-931c-387bad1cc477": "Document the root cause analysis", "7c4e2035-8e78-4fd1-a710-73f57de9cd80": "<<2023-03-26 15:27:14 -0700>>", "dd17e827-154c-43a3-b19b-5c23a1156215": "<<2023-03-26 15:27:14 -0700>>", "e530cb97-e176-44f7-9f3a-1a5170f345df": ["6c93f09e-fa62-4227-96ca-94cfd977a56e"]}', '{}', false, '2023-03-26 22:27:14.636795', 1679869634);
INSERT INTO public.items (item_id, account_id, entity_id, genie_id, user_id, state, type, name, fieldsb, metab, is_public, created_at, updated_at) VALUES ('d338b76d-9075-477d-a191-35761e77fef9', '3cf17266-3473-4006-984f-9325122678b7', 'deb92374-55c1-4e43-9628-2230fa245f10', NULL, '45b5fbd3-755f-4379-8f07-a58d4a30fa2f', 0, 0, 'Notification', '{"0f8a494f-6474-4c44-99f4-7f84d69378fa": "New incident created", "1719c69a-4f60-48c2-bc07-d6b564fd3b15": "49a53e08-033a-40a2-912f-171a940e66e6", "2c5f1928-7430-4ffd-a05c-189bba8b4f04": "69d2af4e-61a5-4239-988c-d5e1bd7bc4e7", "48ad0c9c-dfbf-47b2-b584-8a7757154db1": 1, "5af26c51-b7ce-459f-8e67-7546543c7c50": "4a8ba6c4-804e-44de-a252-8b1d084b8767", "6ff280cd-7df8-4285-b9e0-b0db8aba7ee5": ["d3a82b9e-f5a2-42ef-90e0-e9653082e436"], "7444a975-f2a3-49b2-97c5-cde23ac2ebe0": "https://randomuser.me/api/portraits/thumb/lego/1.jpg", "7ab580ad-0bce-4821-9dd9-9c1998a0dd38": 2, "931d0e60-a712-4050-abd0-74617ed32ac2": ["69d2af4e-61a5-4239-988c-d5e1bd7bc4e7#49a53e08-033a-40a2-912f-171a940e66e6"], "a7cd05f4-09d2-48e0-a321-39689a6a38c2": null, "c27392c3-71fc-4231-ad2d-83bedcc2c123": "45b5fbd3-755f-4379-8f07-a58d4a30fa2f", "ddf426af-b0eb-4571-a39c-6e690aea6e8f": ["d3a82b9e-f5a2-42ef-90e0-e9653082e436"], "de3942e3-5d97-4f9f-a0f9-82ea4486f68c": "3cf17266-3473-4006-984f-9325122678b7", "eb7c6f4b-94db-40db-94a1-93e1777c2d19": "vijay", "ed395fd7-5e6d-4c67-9b4f-119fd9609e02": "New incident created. EC2 cpu limit reached"}', 'null', false, '2023-03-26 22:28:51.184729', 1679869731);
INSERT INTO public.items (item_id, account_id, entity_id, genie_id, user_id, state, type, name, fieldsb, metab, is_public, created_at, updated_at) VALUES ('3fe37435-b7bf-4b4e-8da6-5de5db8f14ae', '3cf17266-3473-4006-984f-9325122678b7', '69d2af4e-61a5-4239-988c-d5e1bd7bc4e7', NULL, '45b5fbd3-755f-4379-8f07-a58d4a30fa2f', 1, 0, 'Incident name', '{"0574a511-8ea1-4598-98d6-26af9694babc": "<<<nil>>>", "44836b14-1af8-4849-b989-3139958bd510": ["2658ccf2-031a-4caa-b33d-b8ac3d6d513b"], "69694b14-c7e4-44c7-9757-b472f259f245": ["835e8396-0ed9-49c8-a500-4d11d7cb13e7"], "6da1c4cb-bda5-4be2-a9af-013c909daf98": ["d3a82b9e-f5a2-42ef-90e0-e9653082e436"], "702b1588-41fd-4d0f-902e-4bfa6993e8f9": ["f5d1ffbc-8c65-41d2-b6ae-0b37cfe51db5"], "80b1499c-b1e4-469f-af10-f931ba9d6ea4": "Incident description", "b14f9ff5-504c-404c-8def-d3e9b347b842": "<<<nil>>>", "cf217089-efb0-4640-a5de-4a4c9d142f0b": "Incident name", "f33a31ce-6592-439a-876e-699266441d99": null}', '{}', false, '2023-03-27 23:48:56.596748', 1679960936);
INSERT INTO public.items (item_id, account_id, entity_id, genie_id, user_id, state, type, name, fieldsb, metab, is_public, created_at, updated_at) VALUES ('c082af34-bef9-4bc8-8ef4-f867c6f83594', '3cf17266-3473-4006-984f-9325122678b7', '69d2af4e-61a5-4239-988c-d5e1bd7bc4e7', NULL, '45b5fbd3-755f-4379-8f07-a58d4a30fa2f', 1, 0, 'Incident name', '{"0574a511-8ea1-4598-98d6-26af9694babc": "<<<nil>>>", "44836b14-1af8-4849-b989-3139958bd510": ["2658ccf2-031a-4caa-b33d-b8ac3d6d513b"], "69694b14-c7e4-44c7-9757-b472f259f245": ["835e8396-0ed9-49c8-a500-4d11d7cb13e7"], "6da1c4cb-bda5-4be2-a9af-013c909daf98": ["d3a82b9e-f5a2-42ef-90e0-e9653082e436"], "702b1588-41fd-4d0f-902e-4bfa6993e8f9": ["f5d1ffbc-8c65-41d2-b6ae-0b37cfe51db5"], "80b1499c-b1e4-469f-af10-f931ba9d6ea4": "Incident description", "b14f9ff5-504c-404c-8def-d3e9b347b842": "<<<nil>>>", "cf217089-efb0-4640-a5de-4a4c9d142f0b": "Incident name", "f33a31ce-6592-439a-876e-699266441d99": null}', '{}', false, '2023-03-28 00:05:13.650639', 1679961913);
INSERT INTO public.items (item_id, account_id, entity_id, genie_id, user_id, state, type, name, fieldsb, metab, is_public, created_at, updated_at) VALUES ('27aa38d8-913e-4183-8e0d-ffd055d9f319', '3cf17266-3473-4006-984f-9325122678b7', '69d2af4e-61a5-4239-988c-d5e1bd7bc4e7', NULL, '45b5fbd3-755f-4379-8f07-a58d4a30fa2f', 1, 0, 'Incident name', '{"0574a511-8ea1-4598-98d6-26af9694babc": "<<<nil>>>", "44836b14-1af8-4849-b989-3139958bd510": ["2658ccf2-031a-4caa-b33d-b8ac3d6d513b"], "69694b14-c7e4-44c7-9757-b472f259f245": ["835e8396-0ed9-49c8-a500-4d11d7cb13e7"], "6da1c4cb-bda5-4be2-a9af-013c909daf98": ["d3a82b9e-f5a2-42ef-90e0-e9653082e436"], "702b1588-41fd-4d0f-902e-4bfa6993e8f9": ["f5d1ffbc-8c65-41d2-b6ae-0b37cfe51db5"], "80b1499c-b1e4-469f-af10-f931ba9d6ea4": "Incident description", "b14f9ff5-504c-404c-8def-d3e9b347b842": "<<<nil>>>", "cf217089-efb0-4640-a5de-4a4c9d142f0b": "Incident name", "f33a31ce-6592-439a-876e-699266441d99": null}', '{}', false, '2023-03-28 00:07:47.900024', 1679962067);
INSERT INTO public.items (item_id, account_id, entity_id, genie_id, user_id, state, type, name, fieldsb, metab, is_public, created_at, updated_at) VALUES ('3b554c48-2db2-469a-af27-475e1cf33def', '3cf17266-3473-4006-984f-9325122678b7', '69d2af4e-61a5-4239-988c-d5e1bd7bc4e7', NULL, '45b5fbd3-755f-4379-8f07-a58d4a30fa2f', 1, 0, 'Incident name', '{"0574a511-8ea1-4598-98d6-26af9694babc": "<<<nil>>>", "44836b14-1af8-4849-b989-3139958bd510": ["2658ccf2-031a-4caa-b33d-b8ac3d6d513b"], "69694b14-c7e4-44c7-9757-b472f259f245": ["835e8396-0ed9-49c8-a500-4d11d7cb13e7"], "6da1c4cb-bda5-4be2-a9af-013c909daf98": ["d3a82b9e-f5a2-42ef-90e0-e9653082e436"], "702b1588-41fd-4d0f-902e-4bfa6993e8f9": ["f5d1ffbc-8c65-41d2-b6ae-0b37cfe51db5"], "80b1499c-b1e4-469f-af10-f931ba9d6ea4": "Incident description", "b14f9ff5-504c-404c-8def-d3e9b347b842": "<<<nil>>>", "cf217089-efb0-4640-a5de-4a4c9d142f0b": "Incident name", "f33a31ce-6592-439a-876e-699266441d99": null}', '{}', false, '2023-03-28 00:08:24.290737', 1679962104);
INSERT INTO public.items (item_id, account_id, entity_id, genie_id, user_id, state, type, name, fieldsb, metab, is_public, created_at, updated_at) VALUES ('b9f8ad6c-3d90-44bb-b317-4537931b62d6', '3cf17266-3473-4006-984f-9325122678b7', '69d2af4e-61a5-4239-988c-d5e1bd7bc4e7', NULL, '45b5fbd3-755f-4379-8f07-a58d4a30fa2f', 1, 0, 'Incident name', '{"0574a511-8ea1-4598-98d6-26af9694babc": "<<<nil>>>", "44836b14-1af8-4849-b989-3139958bd510": ["2658ccf2-031a-4caa-b33d-b8ac3d6d513b"], "69694b14-c7e4-44c7-9757-b472f259f245": ["835e8396-0ed9-49c8-a500-4d11d7cb13e7"], "6da1c4cb-bda5-4be2-a9af-013c909daf98": ["d3a82b9e-f5a2-42ef-90e0-e9653082e436"], "702b1588-41fd-4d0f-902e-4bfa6993e8f9": ["f5d1ffbc-8c65-41d2-b6ae-0b37cfe51db5"], "80b1499c-b1e4-469f-af10-f931ba9d6ea4": "Incident description", "b14f9ff5-504c-404c-8def-d3e9b347b842": "<<<nil>>>", "cf217089-efb0-4640-a5de-4a4c9d142f0b": "Incident name", "f33a31ce-6592-439a-876e-699266441d99": null}', '{}', false, '2023-03-28 00:08:46.746608', 1679962126);
INSERT INTO public.items (item_id, account_id, entity_id, genie_id, user_id, state, type, name, fieldsb, metab, is_public, created_at, updated_at) VALUES ('19c0ea42-b32d-43d6-8afc-3a435f6a83ca', '3cf17266-3473-4006-984f-9325122678b7', '753191f4-d154-4de5-b0c1-cb9e0537a597', '69d2af4e-61a5-4239-988c-d5e1bd7bc4e7#49a53e08-033a-40a2-912f-171a940e66e6', '10000000-1000-1000-1000-100000000000', 0, 0, NULL, '{"4391af80-cecc-4783-a62a-661b6592a92d": "Prepare documents", "47742c1f-ffa1-43e3-931c-387bad1cc477": "Document the cause of fix of the cident", "72cdb97f-26a8-4753-884d-1151ee681a66": null, "7c4e2035-8e78-4fd1-a710-73f57de9cd80": "2023-03-28 14:04:25 -0700", "dd17e827-154c-43a3-b19b-5c23a1156215": "2023-03-28 14:04:25 -0700", "e530cb97-e176-44f7-9f3a-1a5170f345df": ["6c93f09e-fa62-4227-96ca-94cfd977a56e"]}', 'null', false, '2023-03-28 21:04:25.010966', 1680037465);
INSERT INTO public.items (item_id, account_id, entity_id, genie_id, user_id, state, type, name, fieldsb, metab, is_public, created_at, updated_at) VALUES ('6d9a05ca-d063-4815-927a-18d8458044f3', '3cf17266-3473-4006-984f-9325122678b7', '753191f4-d154-4de5-b0c1-cb9e0537a597', '69d2af4e-61a5-4239-988c-d5e1bd7bc4e7#49a53e08-033a-40a2-912f-171a940e66e6', '45b5fbd3-755f-4379-8f07-a58d4a30fa2f', 0, 0, 'EC2 cpu limit reached', '{"4391af80-cecc-4783-a62a-661b6592a92d": "sdfsfsdfsdf", "47742c1f-ffa1-43e3-931c-387bad1cc477": "sdfsdfsdfsdfsdfsdfsdfsdfsdfsdfsdfsdf sd;flksdf;dsf sldkfsldfsdf sdlfksldkfsldjfsdf sdlkfjsldfjsdfs flskdfjlsdkfjsldf sldkfjlsdkfjlsdf ldfkjsldkfnsd flskdfjlsdkjflksdf sldfksldfkjsldf ldskjflskdjflksdfsdf", "72cdb97f-26a8-4753-884d-1151ee681a66": ["d3a82b9e-f5a2-42ef-90e0-e9653082e436"], "7c4e2035-8e78-4fd1-a710-73f57de9cd80": null, "dd17e827-154c-43a3-b19b-5c23a1156215": null, "e530cb97-e176-44f7-9f3a-1a5170f345df": ["6c93f09e-fa62-4227-96ca-94cfd977a56e"]}', '{}', false, '2023-03-29 17:08:19.828786', 1680109699);
INSERT INTO public.items (item_id, account_id, entity_id, genie_id, user_id, state, type, name, fieldsb, metab, is_public, created_at, updated_at) VALUES ('886900c1-fb7e-4f13-a3ac-bac556844cec', '3cf17266-3473-4006-984f-9325122678b7', 'deb92374-55c1-4e43-9628-2230fa245f10', NULL, '10000000-1000-1000-1000-100000000000', 0, 0, 'Notification', '{"0f8a494f-6474-4c44-99f4-7f84d69378fa": "New task created in incident `EC2 cpu limit reached`", "1719c69a-4f60-48c2-bc07-d6b564fd3b15": "19c0ea42-b32d-43d6-8afc-3a435f6a83ca", "2c5f1928-7430-4ffd-a05c-189bba8b4f04": "753191f4-d154-4de5-b0c1-cb9e0537a597", "48ad0c9c-dfbf-47b2-b584-8a7757154db1": 9, "5af26c51-b7ce-459f-8e67-7546543c7c50": "4a8ba6c4-804e-44de-a252-8b1d084b8767", "6ff280cd-7df8-4285-b9e0-b0db8aba7ee5": ["d3a82b9e-f5a2-42ef-90e0-e9653082e436"], "7444a975-f2a3-49b2-97c5-cde23ac2ebe0": "https://avatars.dicebear.com/api/bottts/workflow.svg", "7ab580ad-0bce-4821-9dd9-9c1998a0dd38": 2, "931d0e60-a712-4050-abd0-74617ed32ac2": ["69d2af4e-61a5-4239-988c-d5e1bd7bc4e7#49a53e08-033a-40a2-912f-171a940e66e6"], "a7cd05f4-09d2-48e0-a321-39689a6a38c2": null, "c27392c3-71fc-4231-ad2d-83bedcc2c123": "10000000-1000-1000-1000-100000000000", "ddf426af-b0eb-4571-a39c-6e690aea6e8f": ["d3a82b9e-f5a2-42ef-90e0-e9653082e436", "d3a82b9e-f5a2-42ef-90e0-e9653082e436"], "de3942e3-5d97-4f9f-a0f9-82ea4486f68c": "3cf17266-3473-4006-984f-9325122678b7", "eb7c6f4b-94db-40db-94a1-93e1777c2d19": "automation workflow", "ed395fd7-5e6d-4c67-9b4f-119fd9609e02": "New task created in incident `EC2 cpu limit reached`. Prepare documents"}', 'null', false, '2023-03-28 21:04:25.051662', 1680037465);
INSERT INTO public.items (item_id, account_id, entity_id, genie_id, user_id, state, type, name, fieldsb, metab, is_public, created_at, updated_at) VALUES ('640b7a9a-3346-44eb-bc3e-89a4d530823b', '3cf17266-3473-4006-984f-9325122678b7', 'deb92374-55c1-4e43-9628-2230fa245f10', NULL, '45b5fbd3-755f-4379-8f07-a58d4a30fa2f', 0, 0, 'Notification', '{"0f8a494f-6474-4c44-99f4-7f84d69378fa": "Incident updated", "1719c69a-4f60-48c2-bc07-d6b564fd3b15": "49a53e08-033a-40a2-912f-171a940e66e6", "2c5f1928-7430-4ffd-a05c-189bba8b4f04": "69d2af4e-61a5-4239-988c-d5e1bd7bc4e7", "48ad0c9c-dfbf-47b2-b584-8a7757154db1": 1, "5af26c51-b7ce-459f-8e67-7546543c7c50": "4a8ba6c4-804e-44de-a252-8b1d084b8767", "6ff280cd-7df8-4285-b9e0-b0db8aba7ee5": ["d3a82b9e-f5a2-42ef-90e0-e9653082e436"], "7444a975-f2a3-49b2-97c5-cde23ac2ebe0": "https://randomuser.me/api/portraits/thumb/lego/1.jpg", "7ab580ad-0bce-4821-9dd9-9c1998a0dd38": 3, "931d0e60-a712-4050-abd0-74617ed32ac2": ["69d2af4e-61a5-4239-988c-d5e1bd7bc4e7#49a53e08-033a-40a2-912f-171a940e66e6"], "a7cd05f4-09d2-48e0-a321-39689a6a38c2": null, "c27392c3-71fc-4231-ad2d-83bedcc2c123": "45b5fbd3-755f-4379-8f07-a58d4a30fa2f", "ddf426af-b0eb-4571-a39c-6e690aea6e8f": ["d3a82b9e-f5a2-42ef-90e0-e9653082e436"], "de3942e3-5d97-4f9f-a0f9-82ea4486f68c": "3cf17266-3473-4006-984f-9325122678b7", "eb7c6f4b-94db-40db-94a1-93e1777c2d19": "vijay", "ed395fd7-5e6d-4c67-9b4f-119fd9609e02": "Incident `EC2 cpu limit reached` updated with new values"}', 'null', false, '2023-03-28 21:04:25.090772', 1680037465);
INSERT INTO public.items (item_id, account_id, entity_id, genie_id, user_id, state, type, name, fieldsb, metab, is_public, created_at, updated_at) VALUES ('dc7ec7e6-b7f8-40e6-a67b-6b2f15794b45', '3cf17266-3473-4006-984f-9325122678b7', 'deb92374-55c1-4e43-9628-2230fa245f10', NULL, '45b5fbd3-755f-4379-8f07-a58d4a30fa2f', 0, 0, 'Notification', '{"0f8a494f-6474-4c44-99f4-7f84d69378fa": "New comment added in incident `EC2 cpu limit reached`", "1719c69a-4f60-48c2-bc07-d6b564fd3b15": "19c0ea42-b32d-43d6-8afc-3a435f6a83ca", "2c5f1928-7430-4ffd-a05c-189bba8b4f04": "753191f4-d154-4de5-b0c1-cb9e0537a597", "48ad0c9c-dfbf-47b2-b584-8a7757154db1": 9, "5af26c51-b7ce-459f-8e67-7546543c7c50": "4a8ba6c4-804e-44de-a252-8b1d084b8767", "6ff280cd-7df8-4285-b9e0-b0db8aba7ee5": ["d3a82b9e-f5a2-42ef-90e0-e9653082e436"], "7444a975-f2a3-49b2-97c5-cde23ac2ebe0": "https://randomuser.me/api/portraits/thumb/lego/1.jpg", "7ab580ad-0bce-4821-9dd9-9c1998a0dd38": 8, "931d0e60-a712-4050-abd0-74617ed32ac2": ["69d2af4e-61a5-4239-988c-d5e1bd7bc4e7#49a53e08-033a-40a2-912f-171a940e66e6"], "a7cd05f4-09d2-48e0-a321-39689a6a38c2": null, "c27392c3-71fc-4231-ad2d-83bedcc2c123": "45b5fbd3-755f-4379-8f07-a58d4a30fa2f", "ddf426af-b0eb-4571-a39c-6e690aea6e8f": ["d3a82b9e-f5a2-42ef-90e0-e9653082e436", "d3a82b9e-f5a2-42ef-90e0-e9653082e436"], "de3942e3-5d97-4f9f-a0f9-82ea4486f68c": "3cf17266-3473-4006-984f-9325122678b7", "eb7c6f4b-94db-40db-94a1-93e1777c2d19": "vijay", "ed395fd7-5e6d-4c67-9b4f-119fd9609e02": "sdasdasd"}', 'null', false, '2023-03-29 16:59:46.639313', 1680109186);
INSERT INTO public.items (item_id, account_id, entity_id, genie_id, user_id, state, type, name, fieldsb, metab, is_public, created_at, updated_at) VALUES ('d4c5419e-7303-4fa7-9e68-194158e5dc99', '3cf17266-3473-4006-984f-9325122678b7', 'deb92374-55c1-4e43-9628-2230fa245f10', NULL, '45b5fbd3-755f-4379-8f07-a58d4a30fa2f', 0, 0, 'Notification', '{"0f8a494f-6474-4c44-99f4-7f84d69378fa": "New comment added in incident `EC2 cpu limit reached`", "1719c69a-4f60-48c2-bc07-d6b564fd3b15": "19c0ea42-b32d-43d6-8afc-3a435f6a83ca", "2c5f1928-7430-4ffd-a05c-189bba8b4f04": "753191f4-d154-4de5-b0c1-cb9e0537a597", "48ad0c9c-dfbf-47b2-b584-8a7757154db1": 9, "5af26c51-b7ce-459f-8e67-7546543c7c50": "4a8ba6c4-804e-44de-a252-8b1d084b8767", "6ff280cd-7df8-4285-b9e0-b0db8aba7ee5": ["d3a82b9e-f5a2-42ef-90e0-e9653082e436"], "7444a975-f2a3-49b2-97c5-cde23ac2ebe0": "https://randomuser.me/api/portraits/thumb/lego/1.jpg", "7ab580ad-0bce-4821-9dd9-9c1998a0dd38": 8, "931d0e60-a712-4050-abd0-74617ed32ac2": ["69d2af4e-61a5-4239-988c-d5e1bd7bc4e7#49a53e08-033a-40a2-912f-171a940e66e6"], "a7cd05f4-09d2-48e0-a321-39689a6a38c2": null, "c27392c3-71fc-4231-ad2d-83bedcc2c123": "45b5fbd3-755f-4379-8f07-a58d4a30fa2f", "ddf426af-b0eb-4571-a39c-6e690aea6e8f": ["d3a82b9e-f5a2-42ef-90e0-e9653082e436", "d3a82b9e-f5a2-42ef-90e0-e9653082e436"], "de3942e3-5d97-4f9f-a0f9-82ea4486f68c": "3cf17266-3473-4006-984f-9325122678b7", "eb7c6f4b-94db-40db-94a1-93e1777c2d19": "vijay", "ed395fd7-5e6d-4c67-9b4f-119fd9609e02": "asdasdasd"}', 'null', false, '2023-03-29 16:59:48.23726', 1680109188);
INSERT INTO public.items (item_id, account_id, entity_id, genie_id, user_id, state, type, name, fieldsb, metab, is_public, created_at, updated_at) VALUES ('68670c1a-657f-40ae-866e-ff9ec8739c8a', '3cf17266-3473-4006-984f-9325122678b7', 'deb92374-55c1-4e43-9628-2230fa245f10', NULL, '45b5fbd3-755f-4379-8f07-a58d4a30fa2f', 0, 0, 'Notification', '{"0f8a494f-6474-4c44-99f4-7f84d69378fa": "New comment added in incident `EC2 cpu limit reached`", "1719c69a-4f60-48c2-bc07-d6b564fd3b15": "19c0ea42-b32d-43d6-8afc-3a435f6a83ca", "2c5f1928-7430-4ffd-a05c-189bba8b4f04": "753191f4-d154-4de5-b0c1-cb9e0537a597", "48ad0c9c-dfbf-47b2-b584-8a7757154db1": 9, "5af26c51-b7ce-459f-8e67-7546543c7c50": "4a8ba6c4-804e-44de-a252-8b1d084b8767", "6ff280cd-7df8-4285-b9e0-b0db8aba7ee5": ["d3a82b9e-f5a2-42ef-90e0-e9653082e436"], "7444a975-f2a3-49b2-97c5-cde23ac2ebe0": "https://randomuser.me/api/portraits/thumb/lego/1.jpg", "7ab580ad-0bce-4821-9dd9-9c1998a0dd38": 8, "931d0e60-a712-4050-abd0-74617ed32ac2": ["69d2af4e-61a5-4239-988c-d5e1bd7bc4e7#49a53e08-033a-40a2-912f-171a940e66e6"], "a7cd05f4-09d2-48e0-a321-39689a6a38c2": null, "c27392c3-71fc-4231-ad2d-83bedcc2c123": "45b5fbd3-755f-4379-8f07-a58d4a30fa2f", "ddf426af-b0eb-4571-a39c-6e690aea6e8f": ["d3a82b9e-f5a2-42ef-90e0-e9653082e436", "d3a82b9e-f5a2-42ef-90e0-e9653082e436"], "de3942e3-5d97-4f9f-a0f9-82ea4486f68c": "3cf17266-3473-4006-984f-9325122678b7", "eb7c6f4b-94db-40db-94a1-93e1777c2d19": "vijay", "ed395fd7-5e6d-4c67-9b4f-119fd9609e02": "adsasdasd"}', 'null', false, '2023-03-29 16:59:49.870729', 1680109189);
INSERT INTO public.items (item_id, account_id, entity_id, genie_id, user_id, state, type, name, fieldsb, metab, is_public, created_at, updated_at) VALUES ('92488ae9-ab77-460b-bb94-bc34aa8f7c9d', '3cf17266-3473-4006-984f-9325122678b7', 'deb92374-55c1-4e43-9628-2230fa245f10', NULL, '45b5fbd3-755f-4379-8f07-a58d4a30fa2f', 0, 0, 'Notification', '{"0f8a494f-6474-4c44-99f4-7f84d69378fa": "New comment added in incident `EC2 cpu limit reached`", "1719c69a-4f60-48c2-bc07-d6b564fd3b15": "19c0ea42-b32d-43d6-8afc-3a435f6a83ca", "2c5f1928-7430-4ffd-a05c-189bba8b4f04": "753191f4-d154-4de5-b0c1-cb9e0537a597", "48ad0c9c-dfbf-47b2-b584-8a7757154db1": 9, "5af26c51-b7ce-459f-8e67-7546543c7c50": "4a8ba6c4-804e-44de-a252-8b1d084b8767", "6ff280cd-7df8-4285-b9e0-b0db8aba7ee5": ["d3a82b9e-f5a2-42ef-90e0-e9653082e436"], "7444a975-f2a3-49b2-97c5-cde23ac2ebe0": "https://randomuser.me/api/portraits/thumb/lego/1.jpg", "7ab580ad-0bce-4821-9dd9-9c1998a0dd38": 8, "931d0e60-a712-4050-abd0-74617ed32ac2": ["69d2af4e-61a5-4239-988c-d5e1bd7bc4e7#49a53e08-033a-40a2-912f-171a940e66e6"], "a7cd05f4-09d2-48e0-a321-39689a6a38c2": null, "c27392c3-71fc-4231-ad2d-83bedcc2c123": "45b5fbd3-755f-4379-8f07-a58d4a30fa2f", "ddf426af-b0eb-4571-a39c-6e690aea6e8f": ["d3a82b9e-f5a2-42ef-90e0-e9653082e436", "d3a82b9e-f5a2-42ef-90e0-e9653082e436"], "de3942e3-5d97-4f9f-a0f9-82ea4486f68c": "3cf17266-3473-4006-984f-9325122678b7", "eb7c6f4b-94db-40db-94a1-93e1777c2d19": "vijay", "ed395fd7-5e6d-4c67-9b4f-119fd9609e02": "asdasdasd"}', 'null', false, '2023-03-29 16:59:51.790903', 1680109191);
INSERT INTO public.items (item_id, account_id, entity_id, genie_id, user_id, state, type, name, fieldsb, metab, is_public, created_at, updated_at) VALUES ('cc7d09e5-0be1-4515-b6a3-7615a7e6ad7e', '3cf17266-3473-4006-984f-9325122678b7', 'deb92374-55c1-4e43-9628-2230fa245f10', NULL, '45b5fbd3-755f-4379-8f07-a58d4a30fa2f', 0, 0, 'Notification', '{"0f8a494f-6474-4c44-99f4-7f84d69378fa": "New task created in incident `EC2 cpu limit reached`", "1719c69a-4f60-48c2-bc07-d6b564fd3b15": "6d9a05ca-d063-4815-927a-18d8458044f3", "2c5f1928-7430-4ffd-a05c-189bba8b4f04": "753191f4-d154-4de5-b0c1-cb9e0537a597", "48ad0c9c-dfbf-47b2-b584-8a7757154db1": 9, "5af26c51-b7ce-459f-8e67-7546543c7c50": "4a8ba6c4-804e-44de-a252-8b1d084b8767", "6ff280cd-7df8-4285-b9e0-b0db8aba7ee5": ["d3a82b9e-f5a2-42ef-90e0-e9653082e436", "d3a82b9e-f5a2-42ef-90e0-e9653082e436"], "7444a975-f2a3-49b2-97c5-cde23ac2ebe0": "https://randomuser.me/api/portraits/thumb/lego/1.jpg", "7ab580ad-0bce-4821-9dd9-9c1998a0dd38": 2, "931d0e60-a712-4050-abd0-74617ed32ac2": ["69d2af4e-61a5-4239-988c-d5e1bd7bc4e7#49a53e08-033a-40a2-912f-171a940e66e6"], "a7cd05f4-09d2-48e0-a321-39689a6a38c2": null, "c27392c3-71fc-4231-ad2d-83bedcc2c123": "45b5fbd3-755f-4379-8f07-a58d4a30fa2f", "ddf426af-b0eb-4571-a39c-6e690aea6e8f": ["d3a82b9e-f5a2-42ef-90e0-e9653082e436", "d3a82b9e-f5a2-42ef-90e0-e9653082e436"], "de3942e3-5d97-4f9f-a0f9-82ea4486f68c": "3cf17266-3473-4006-984f-9325122678b7", "eb7c6f4b-94db-40db-94a1-93e1777c2d19": "vijay", "ed395fd7-5e6d-4c67-9b4f-119fd9609e02": "New task created in incident `EC2 cpu limit reached`. sdfsfsdfsdf"}', 'null', false, '2023-03-29 17:08:19.951078', 1680109699);
INSERT INTO public.items (item_id, account_id, entity_id, genie_id, user_id, state, type, name, fieldsb, metab, is_public, created_at, updated_at) VALUES ('e2b5cab3-7676-4490-9e6f-67183452ee92', '3cf17266-3473-4006-984f-9325122678b7', 'deb92374-55c1-4e43-9628-2230fa245f10', NULL, '45b5fbd3-755f-4379-8f07-a58d4a30fa2f', 0, 0, 'Notification', '{"0f8a494f-6474-4c44-99f4-7f84d69378fa": "New comment added in incident `EC2 cpu limit reached`", "1719c69a-4f60-48c2-bc07-d6b564fd3b15": "49a53e08-033a-40a2-912f-171a940e66e6", "2c5f1928-7430-4ffd-a05c-189bba8b4f04": "69d2af4e-61a5-4239-988c-d5e1bd7bc4e7", "48ad0c9c-dfbf-47b2-b584-8a7757154db1": 1, "5af26c51-b7ce-459f-8e67-7546543c7c50": "4a8ba6c4-804e-44de-a252-8b1d084b8767", "6ff280cd-7df8-4285-b9e0-b0db8aba7ee5": ["d3a82b9e-f5a2-42ef-90e0-e9653082e436", "d3a82b9e-f5a2-42ef-90e0-e9653082e436"], "7444a975-f2a3-49b2-97c5-cde23ac2ebe0": "https://randomuser.me/api/portraits/thumb/lego/1.jpg", "7ab580ad-0bce-4821-9dd9-9c1998a0dd38": 8, "931d0e60-a712-4050-abd0-74617ed32ac2": ["69d2af4e-61a5-4239-988c-d5e1bd7bc4e7#49a53e08-033a-40a2-912f-171a940e66e6"], "a7cd05f4-09d2-48e0-a321-39689a6a38c2": null, "c27392c3-71fc-4231-ad2d-83bedcc2c123": "45b5fbd3-755f-4379-8f07-a58d4a30fa2f", "ddf426af-b0eb-4571-a39c-6e690aea6e8f": ["d3a82b9e-f5a2-42ef-90e0-e9653082e436", "d3a82b9e-f5a2-42ef-90e0-e9653082e436", "d3a82b9e-f5a2-42ef-90e0-e9653082e436"], "de3942e3-5d97-4f9f-a0f9-82ea4486f68c": "3cf17266-3473-4006-984f-9325122678b7", "eb7c6f4b-94db-40db-94a1-93e1777c2d19": "vijay", "ed395fd7-5e6d-4c67-9b4f-119fd9609e02": "asdasd"}', 'null', false, '2023-03-29 17:18:16.123005', 1680110296);
INSERT INTO public.items (item_id, account_id, entity_id, genie_id, user_id, state, type, name, fieldsb, metab, is_public, created_at, updated_at) VALUES ('ffbf4863-5f63-4f04-97d0-6eb54fc3cf0c', '3cf17266-3473-4006-984f-9325122678b7', 'deb92374-55c1-4e43-9628-2230fa245f10', NULL, '45b5fbd3-755f-4379-8f07-a58d4a30fa2f', 0, 0, 'Notification', '{"0f8a494f-6474-4c44-99f4-7f84d69378fa": "New comment added in incident `EC2 cpu limit reached`", "1719c69a-4f60-48c2-bc07-d6b564fd3b15": "49a53e08-033a-40a2-912f-171a940e66e6", "2c5f1928-7430-4ffd-a05c-189bba8b4f04": "69d2af4e-61a5-4239-988c-d5e1bd7bc4e7", "48ad0c9c-dfbf-47b2-b584-8a7757154db1": 1, "5af26c51-b7ce-459f-8e67-7546543c7c50": "4a8ba6c4-804e-44de-a252-8b1d084b8767", "6ff280cd-7df8-4285-b9e0-b0db8aba7ee5": ["d3a82b9e-f5a2-42ef-90e0-e9653082e436", "d3a82b9e-f5a2-42ef-90e0-e9653082e436"], "7444a975-f2a3-49b2-97c5-cde23ac2ebe0": "https://randomuser.me/api/portraits/thumb/lego/1.jpg", "7ab580ad-0bce-4821-9dd9-9c1998a0dd38": 8, "931d0e60-a712-4050-abd0-74617ed32ac2": ["69d2af4e-61a5-4239-988c-d5e1bd7bc4e7#49a53e08-033a-40a2-912f-171a940e66e6"], "a7cd05f4-09d2-48e0-a321-39689a6a38c2": null, "c27392c3-71fc-4231-ad2d-83bedcc2c123": "45b5fbd3-755f-4379-8f07-a58d4a30fa2f", "ddf426af-b0eb-4571-a39c-6e690aea6e8f": ["d3a82b9e-f5a2-42ef-90e0-e9653082e436", "d3a82b9e-f5a2-42ef-90e0-e9653082e436", "d3a82b9e-f5a2-42ef-90e0-e9653082e436"], "de3942e3-5d97-4f9f-a0f9-82ea4486f68c": "3cf17266-3473-4006-984f-9325122678b7", "eb7c6f4b-94db-40db-94a1-93e1777c2d19": "vijay", "ed395fd7-5e6d-4c67-9b4f-119fd9609e02": "asdasdsad"}', 'null', false, '2023-03-29 17:18:18.010513', 1680110298);
INSERT INTO public.items (item_id, account_id, entity_id, genie_id, user_id, state, type, name, fieldsb, metab, is_public, created_at, updated_at) VALUES ('e3a12e0f-1a93-4812-acad-c96490de4f94', '3cf17266-3473-4006-984f-9325122678b7', 'deb92374-55c1-4e43-9628-2230fa245f10', NULL, '45b5fbd3-755f-4379-8f07-a58d4a30fa2f', 0, 0, 'Notification', '{"0f8a494f-6474-4c44-99f4-7f84d69378fa": "New comment added in incident `EC2 cpu limit reached`", "1719c69a-4f60-48c2-bc07-d6b564fd3b15": "49a53e08-033a-40a2-912f-171a940e66e6", "2c5f1928-7430-4ffd-a05c-189bba8b4f04": "69d2af4e-61a5-4239-988c-d5e1bd7bc4e7", "48ad0c9c-dfbf-47b2-b584-8a7757154db1": 1, "5af26c51-b7ce-459f-8e67-7546543c7c50": "4a8ba6c4-804e-44de-a252-8b1d084b8767", "6ff280cd-7df8-4285-b9e0-b0db8aba7ee5": ["d3a82b9e-f5a2-42ef-90e0-e9653082e436", "d3a82b9e-f5a2-42ef-90e0-e9653082e436"], "7444a975-f2a3-49b2-97c5-cde23ac2ebe0": "https://randomuser.me/api/portraits/thumb/lego/1.jpg", "7ab580ad-0bce-4821-9dd9-9c1998a0dd38": 8, "931d0e60-a712-4050-abd0-74617ed32ac2": ["69d2af4e-61a5-4239-988c-d5e1bd7bc4e7#49a53e08-033a-40a2-912f-171a940e66e6"], "a7cd05f4-09d2-48e0-a321-39689a6a38c2": null, "c27392c3-71fc-4231-ad2d-83bedcc2c123": "45b5fbd3-755f-4379-8f07-a58d4a30fa2f", "ddf426af-b0eb-4571-a39c-6e690aea6e8f": ["d3a82b9e-f5a2-42ef-90e0-e9653082e436", "d3a82b9e-f5a2-42ef-90e0-e9653082e436", "d3a82b9e-f5a2-42ef-90e0-e9653082e436"], "de3942e3-5d97-4f9f-a0f9-82ea4486f68c": "3cf17266-3473-4006-984f-9325122678b7", "eb7c6f4b-94db-40db-94a1-93e1777c2d19": "vijay", "ed395fd7-5e6d-4c67-9b4f-119fd9609e02": "adsasdasd"}', 'null', false, '2023-03-29 17:18:19.727395', 1680110299);
INSERT INTO public.items (item_id, account_id, entity_id, genie_id, user_id, state, type, name, fieldsb, metab, is_public, created_at, updated_at) VALUES ('af969e72-4ed4-4451-a6c0-7edd4d0135ba', '3cf17266-3473-4006-984f-9325122678b7', 'deb92374-55c1-4e43-9628-2230fa245f10', NULL, '45b5fbd3-755f-4379-8f07-a58d4a30fa2f', 0, 0, 'Notification', '{"0f8a494f-6474-4c44-99f4-7f84d69378fa": "New comment added in incident `EC2 cpu limit reached`", "1719c69a-4f60-48c2-bc07-d6b564fd3b15": "49a53e08-033a-40a2-912f-171a940e66e6", "2c5f1928-7430-4ffd-a05c-189bba8b4f04": "69d2af4e-61a5-4239-988c-d5e1bd7bc4e7", "48ad0c9c-dfbf-47b2-b584-8a7757154db1": 1, "5af26c51-b7ce-459f-8e67-7546543c7c50": "4a8ba6c4-804e-44de-a252-8b1d084b8767", "6ff280cd-7df8-4285-b9e0-b0db8aba7ee5": ["d3a82b9e-f5a2-42ef-90e0-e9653082e436", "d3a82b9e-f5a2-42ef-90e0-e9653082e436"], "7444a975-f2a3-49b2-97c5-cde23ac2ebe0": "https://randomuser.me/api/portraits/thumb/lego/1.jpg", "7ab580ad-0bce-4821-9dd9-9c1998a0dd38": 8, "931d0e60-a712-4050-abd0-74617ed32ac2": ["69d2af4e-61a5-4239-988c-d5e1bd7bc4e7#49a53e08-033a-40a2-912f-171a940e66e6"], "a7cd05f4-09d2-48e0-a321-39689a6a38c2": null, "c27392c3-71fc-4231-ad2d-83bedcc2c123": "45b5fbd3-755f-4379-8f07-a58d4a30fa2f", "ddf426af-b0eb-4571-a39c-6e690aea6e8f": ["d3a82b9e-f5a2-42ef-90e0-e9653082e436", "d3a82b9e-f5a2-42ef-90e0-e9653082e436", "d3a82b9e-f5a2-42ef-90e0-e9653082e436"], "de3942e3-5d97-4f9f-a0f9-82ea4486f68c": "3cf17266-3473-4006-984f-9325122678b7", "eb7c6f4b-94db-40db-94a1-93e1777c2d19": "vijay", "ed395fd7-5e6d-4c67-9b4f-119fd9609e02": "asdasdsad"}', 'null', false, '2023-03-29 17:18:21.248444', 1680110301);
INSERT INTO public.items (item_id, account_id, entity_id, genie_id, user_id, state, type, name, fieldsb, metab, is_public, created_at, updated_at) VALUES ('fcf12511-fccb-4b0e-8c37-8f24ff7bccc1', '3cf17266-3473-4006-984f-9325122678b7', 'deb92374-55c1-4e43-9628-2230fa245f10', NULL, '45b5fbd3-755f-4379-8f07-a58d4a30fa2f', 0, 0, 'Notification', '{"0f8a494f-6474-4c44-99f4-7f84d69378fa": "New comment added in incident `EC2 cpu limit reached`", "1719c69a-4f60-48c2-bc07-d6b564fd3b15": "49a53e08-033a-40a2-912f-171a940e66e6", "2c5f1928-7430-4ffd-a05c-189bba8b4f04": "69d2af4e-61a5-4239-988c-d5e1bd7bc4e7", "48ad0c9c-dfbf-47b2-b584-8a7757154db1": 1, "5af26c51-b7ce-459f-8e67-7546543c7c50": "4a8ba6c4-804e-44de-a252-8b1d084b8767", "6ff280cd-7df8-4285-b9e0-b0db8aba7ee5": ["d3a82b9e-f5a2-42ef-90e0-e9653082e436", "d3a82b9e-f5a2-42ef-90e0-e9653082e436"], "7444a975-f2a3-49b2-97c5-cde23ac2ebe0": "https://randomuser.me/api/portraits/thumb/lego/1.jpg", "7ab580ad-0bce-4821-9dd9-9c1998a0dd38": 8, "931d0e60-a712-4050-abd0-74617ed32ac2": ["69d2af4e-61a5-4239-988c-d5e1bd7bc4e7#49a53e08-033a-40a2-912f-171a940e66e6"], "a7cd05f4-09d2-48e0-a321-39689a6a38c2": null, "c27392c3-71fc-4231-ad2d-83bedcc2c123": "45b5fbd3-755f-4379-8f07-a58d4a30fa2f", "ddf426af-b0eb-4571-a39c-6e690aea6e8f": ["d3a82b9e-f5a2-42ef-90e0-e9653082e436", "d3a82b9e-f5a2-42ef-90e0-e9653082e436", "d3a82b9e-f5a2-42ef-90e0-e9653082e436"], "de3942e3-5d97-4f9f-a0f9-82ea4486f68c": "3cf17266-3473-4006-984f-9325122678b7", "eb7c6f4b-94db-40db-94a1-93e1777c2d19": "vijay", "ed395fd7-5e6d-4c67-9b4f-119fd9609e02": "asdsaasdasd"}', 'null', false, '2023-03-29 17:18:22.987523', 1680110302);
INSERT INTO public.items (item_id, account_id, entity_id, genie_id, user_id, state, type, name, fieldsb, metab, is_public, created_at, updated_at) VALUES ('ab38cc09-ad7e-43bf-b3e9-37abbc88a8f9', '3cf17266-3473-4006-984f-9325122678b7', 'deb92374-55c1-4e43-9628-2230fa245f10', NULL, '45b5fbd3-755f-4379-8f07-a58d4a30fa2f', 0, 0, 'Notification', '{"0f8a494f-6474-4c44-99f4-7f84d69378fa": "New comment added in incident `EC2 cpu limit reached`", "1719c69a-4f60-48c2-bc07-d6b564fd3b15": "49a53e08-033a-40a2-912f-171a940e66e6", "2c5f1928-7430-4ffd-a05c-189bba8b4f04": "69d2af4e-61a5-4239-988c-d5e1bd7bc4e7", "48ad0c9c-dfbf-47b2-b584-8a7757154db1": 1, "5af26c51-b7ce-459f-8e67-7546543c7c50": "4a8ba6c4-804e-44de-a252-8b1d084b8767", "6ff280cd-7df8-4285-b9e0-b0db8aba7ee5": ["d3a82b9e-f5a2-42ef-90e0-e9653082e436", "d3a82b9e-f5a2-42ef-90e0-e9653082e436"], "7444a975-f2a3-49b2-97c5-cde23ac2ebe0": "https://randomuser.me/api/portraits/thumb/lego/1.jpg", "7ab580ad-0bce-4821-9dd9-9c1998a0dd38": 8, "931d0e60-a712-4050-abd0-74617ed32ac2": ["69d2af4e-61a5-4239-988c-d5e1bd7bc4e7#49a53e08-033a-40a2-912f-171a940e66e6"], "a7cd05f4-09d2-48e0-a321-39689a6a38c2": null, "c27392c3-71fc-4231-ad2d-83bedcc2c123": "45b5fbd3-755f-4379-8f07-a58d4a30fa2f", "ddf426af-b0eb-4571-a39c-6e690aea6e8f": ["d3a82b9e-f5a2-42ef-90e0-e9653082e436", "d3a82b9e-f5a2-42ef-90e0-e9653082e436", "d3a82b9e-f5a2-42ef-90e0-e9653082e436"], "de3942e3-5d97-4f9f-a0f9-82ea4486f68c": "3cf17266-3473-4006-984f-9325122678b7", "eb7c6f4b-94db-40db-94a1-93e1777c2d19": "vijay", "ed395fd7-5e6d-4c67-9b4f-119fd9609e02": "asdasasdad"}', 'null', false, '2023-03-29 17:18:24.760772', 1680110304);
INSERT INTO public.items (item_id, account_id, entity_id, genie_id, user_id, state, type, name, fieldsb, metab, is_public, created_at, updated_at) VALUES ('189a93a4-6f17-4ef2-8a9f-3c954ec14eda', '3cf17266-3473-4006-984f-9325122678b7', 'deb92374-55c1-4e43-9628-2230fa245f10', NULL, '45b5fbd3-755f-4379-8f07-a58d4a30fa2f', 0, 0, 'Notification', '{"0f8a494f-6474-4c44-99f4-7f84d69378fa": "Incident Priority updated", "1719c69a-4f60-48c2-bc07-d6b564fd3b15": "2658ccf2-031a-4caa-b33d-b8ac3d6d513b", "2c5f1928-7430-4ffd-a05c-189bba8b4f04": "147d8920-bb7b-461b-b43e-dd63521d5c94", "48ad0c9c-dfbf-47b2-b584-8a7757154db1": 8, "5af26c51-b7ce-459f-8e67-7546543c7c50": "4a8ba6c4-804e-44de-a252-8b1d084b8767", "6ff280cd-7df8-4285-b9e0-b0db8aba7ee5": [], "7444a975-f2a3-49b2-97c5-cde23ac2ebe0": "https://randomuser.me/api/portraits/thumb/lego/1.jpg", "7ab580ad-0bce-4821-9dd9-9c1998a0dd38": 3, "931d0e60-a712-4050-abd0-74617ed32ac2": ["147d8920-bb7b-461b-b43e-dd63521d5c94#2658ccf2-031a-4caa-b33d-b8ac3d6d513b"], "a7cd05f4-09d2-48e0-a321-39689a6a38c2": null, "c27392c3-71fc-4231-ad2d-83bedcc2c123": "45b5fbd3-755f-4379-8f07-a58d4a30fa2f", "ddf426af-b0eb-4571-a39c-6e690aea6e8f": [], "de3942e3-5d97-4f9f-a0f9-82ea4486f68c": "3cf17266-3473-4006-984f-9325122678b7", "eb7c6f4b-94db-40db-94a1-93e1777c2d19": "vijay", "ed395fd7-5e6d-4c67-9b4f-119fd9609e02": "Incident Priority `Low` updated with new values"}', 'null', false, '2023-03-29 18:39:11.523678', 1680115151);
INSERT INTO public.items (item_id, account_id, entity_id, genie_id, user_id, state, type, name, fieldsb, metab, is_public, created_at, updated_at) VALUES ('49a53e08-033a-40a2-912f-171a940e66e6', '3cf17266-3473-4006-984f-9325122678b7', '69d2af4e-61a5-4239-988c-d5e1bd7bc4e7', NULL, '45b5fbd3-755f-4379-8f07-a58d4a30fa2f', 0, 0, '', '{"0574a511-8ea1-4598-98d6-26af9694babc": null, "361d1ec0-bd94-4811-9ab4-56699407c965": ["2d208e36-bf53-40d9-a19f-087d91667974"], "44836b14-1af8-4849-b989-3139958bd510": ["2658ccf2-031a-4caa-b33d-b8ac3d6d513b"], "69694b14-c7e4-44c7-9757-b472f259f245": ["835e8396-0ed9-49c8-a500-4d11d7cb13e7"], "6da1c4cb-bda5-4be2-a9af-013c909daf98": ["d3a82b9e-f5a2-42ef-90e0-e9653082e436"], "702b1588-41fd-4d0f-902e-4bfa6993e8f9": ["f5d1ffbc-8c65-41d2-b6ae-0b37cfe51db5"], "70f0b37b-3278-4b58-844a-5376cb642afc": ["94d353a5-256f-4d41-ad59-bd3e8cb86e48"], "80b1499c-b1e4-469f-af10-f931ba9d6ea4": "The CPU breached for the 3rd time in the last 30 days", "b14f9ff5-504c-404c-8def-d3e9b347b842": null, "cf217089-efb0-4640-a5de-4a4c9d142f0b": "EC2 cpu limit reached", "d2773caf-d7b6-4c24-9c11-6af77fb1e46a": ["d3a82b9e-f5a2-42ef-90e0-e9653082e436"], "f33a31ce-6592-439a-876e-699266441d99": ["backend", "version1"]}', '{}', false, '2023-03-26 22:28:51.072563', 1680116196);
INSERT INTO public.items (item_id, account_id, entity_id, genie_id, user_id, state, type, name, fieldsb, metab, is_public, created_at, updated_at) VALUES ('d3c2f782-5873-4912-906f-4bcff7e04438', '3cf17266-3473-4006-984f-9325122678b7', '753191f4-d154-4de5-b0c1-cb9e0537a597', '69d2af4e-61a5-4239-988c-d5e1bd7bc4e7#49a53e08-033a-40a2-912f-171a940e66e6', '10000000-1000-1000-1000-100000000000', 0, 0, NULL, '{"4391af80-cecc-4783-a62a-661b6592a92d": "Prepare documents", "47742c1f-ffa1-43e3-931c-387bad1cc477": "Document the cause of fix of the cident", "72cdb97f-26a8-4753-884d-1151ee681a66": null, "7c4e2035-8e78-4fd1-a710-73f57de9cd80": "2023-03-29 11:56:36 -0700", "dd17e827-154c-43a3-b19b-5c23a1156215": "2023-03-29 11:56:36 -0700", "e530cb97-e176-44f7-9f3a-1a5170f345df": ["6c93f09e-fa62-4227-96ca-94cfd977a56e"]}', 'null', false, '2023-03-29 18:56:36.076793', 1680116196);
INSERT INTO public.items (item_id, account_id, entity_id, genie_id, user_id, state, type, name, fieldsb, metab, is_public, created_at, updated_at) VALUES ('eb0bbdd4-59ca-4244-97b1-d8988b9fc6b6', '3cf17266-3473-4006-984f-9325122678b7', 'deb92374-55c1-4e43-9628-2230fa245f10', NULL, '10000000-1000-1000-1000-100000000000', 0, 0, 'Notification', '{"0f8a494f-6474-4c44-99f4-7f84d69378fa": "New task created in incident `EC2 cpu limit reached`", "1719c69a-4f60-48c2-bc07-d6b564fd3b15": "d3c2f782-5873-4912-906f-4bcff7e04438", "2c5f1928-7430-4ffd-a05c-189bba8b4f04": "753191f4-d154-4de5-b0c1-cb9e0537a597", "48ad0c9c-dfbf-47b2-b584-8a7757154db1": 9, "5af26c51-b7ce-459f-8e67-7546543c7c50": "4a8ba6c4-804e-44de-a252-8b1d084b8767", "6ff280cd-7df8-4285-b9e0-b0db8aba7ee5": ["d3a82b9e-f5a2-42ef-90e0-e9653082e436"], "7444a975-f2a3-49b2-97c5-cde23ac2ebe0": "https://avatars.dicebear.com/api/bottts/workflow.svg", "7ab580ad-0bce-4821-9dd9-9c1998a0dd38": 2, "931d0e60-a712-4050-abd0-74617ed32ac2": ["69d2af4e-61a5-4239-988c-d5e1bd7bc4e7#49a53e08-033a-40a2-912f-171a940e66e6"], "a7cd05f4-09d2-48e0-a321-39689a6a38c2": null, "c27392c3-71fc-4231-ad2d-83bedcc2c123": "10000000-1000-1000-1000-100000000000", "ddf426af-b0eb-4571-a39c-6e690aea6e8f": ["d3a82b9e-f5a2-42ef-90e0-e9653082e436", "d3a82b9e-f5a2-42ef-90e0-e9653082e436"], "de3942e3-5d97-4f9f-a0f9-82ea4486f68c": "3cf17266-3473-4006-984f-9325122678b7", "eb7c6f4b-94db-40db-94a1-93e1777c2d19": "automation workflow", "ed395fd7-5e6d-4c67-9b4f-119fd9609e02": "New task created in incident `EC2 cpu limit reached`. Prepare documents"}', 'null', false, '2023-03-29 18:56:36.134337', 1680116196);
INSERT INTO public.items (item_id, account_id, entity_id, genie_id, user_id, state, type, name, fieldsb, metab, is_public, created_at, updated_at) VALUES ('0ca30025-b2fe-4c5e-9123-1dc544a0c7c5', '3cf17266-3473-4006-984f-9325122678b7', 'deb92374-55c1-4e43-9628-2230fa245f10', NULL, '45b5fbd3-755f-4379-8f07-a58d4a30fa2f', 0, 0, 'Notification', '{"0f8a494f-6474-4c44-99f4-7f84d69378fa": "Incident updated", "1719c69a-4f60-48c2-bc07-d6b564fd3b15": "49a53e08-033a-40a2-912f-171a940e66e6", "2c5f1928-7430-4ffd-a05c-189bba8b4f04": "69d2af4e-61a5-4239-988c-d5e1bd7bc4e7", "48ad0c9c-dfbf-47b2-b584-8a7757154db1": 1, "5af26c51-b7ce-459f-8e67-7546543c7c50": "4a8ba6c4-804e-44de-a252-8b1d084b8767", "6ff280cd-7df8-4285-b9e0-b0db8aba7ee5": ["d3a82b9e-f5a2-42ef-90e0-e9653082e436"], "7444a975-f2a3-49b2-97c5-cde23ac2ebe0": "https://randomuser.me/api/portraits/thumb/lego/1.jpg", "7ab580ad-0bce-4821-9dd9-9c1998a0dd38": 3, "931d0e60-a712-4050-abd0-74617ed32ac2": ["69d2af4e-61a5-4239-988c-d5e1bd7bc4e7#49a53e08-033a-40a2-912f-171a940e66e6"], "a7cd05f4-09d2-48e0-a321-39689a6a38c2": null, "c27392c3-71fc-4231-ad2d-83bedcc2c123": "45b5fbd3-755f-4379-8f07-a58d4a30fa2f", "ddf426af-b0eb-4571-a39c-6e690aea6e8f": ["d3a82b9e-f5a2-42ef-90e0-e9653082e436"], "de3942e3-5d97-4f9f-a0f9-82ea4486f68c": "3cf17266-3473-4006-984f-9325122678b7", "eb7c6f4b-94db-40db-94a1-93e1777c2d19": "vijay", "ed395fd7-5e6d-4c67-9b4f-119fd9609e02": "Incident `EC2 cpu limit reached` updated with new values"}', 'null', false, '2023-03-29 18:56:36.164389', 1680116196);
INSERT INTO public.items (item_id, account_id, entity_id, genie_id, user_id, state, type, name, fieldsb, metab, is_public, created_at, updated_at) VALUES ('b975399e-f225-41c7-8d14-889cb752a21a', '3cf17266-3473-4006-984f-9325122678b7', '69d2af4e-61a5-4239-988c-d5e1bd7bc4e7', NULL, '45b5fbd3-755f-4379-8f07-a58d4a30fa2f', 1, 0, 'Incident name', '{"0574a511-8ea1-4598-98d6-26af9694babc": "<<<nil>>>", "44836b14-1af8-4849-b989-3139958bd510": ["a013f4a0-aae5-4e66-ad4e-411d42ef5b4f"], "69694b14-c7e4-44c7-9757-b472f259f245": ["835e8396-0ed9-49c8-a500-4d11d7cb13e7"], "6da1c4cb-bda5-4be2-a9af-013c909daf98": ["d3a82b9e-f5a2-42ef-90e0-e9653082e436"], "702b1588-41fd-4d0f-902e-4bfa6993e8f9": ["f5d1ffbc-8c65-41d2-b6ae-0b37cfe51db5"], "80b1499c-b1e4-469f-af10-f931ba9d6ea4": "Incident description", "b14f9ff5-504c-404c-8def-d3e9b347b842": "<<<nil>>>", "cf217089-efb0-4640-a5de-4a4c9d142f0b": "Incident name", "f33a31ce-6592-439a-876e-699266441d99": null}', '{}', false, '2023-03-30 17:39:42.450017', 1680197982);
INSERT INTO public.items (item_id, account_id, entity_id, genie_id, user_id, state, type, name, fieldsb, metab, is_public, created_at, updated_at) VALUES ('d4f9fe98-f7b2-433c-8be4-48a14406695c', '3cf17266-3473-4006-984f-9325122678b7', '69d2af4e-61a5-4239-988c-d5e1bd7bc4e7', NULL, '45b5fbd3-755f-4379-8f07-a58d4a30fa2f', 1, 0, 'EC2 Test', '{"0574a511-8ea1-4598-98d6-26af9694babc": "<<<nil>>>", "44836b14-1af8-4849-b989-3139958bd510": ["2658ccf2-031a-4caa-b33d-b8ac3d6d513b"], "69694b14-c7e4-44c7-9757-b472f259f245": ["9b3cf341-198a-46c5-9d6b-d9490db76fe8"], "6da1c4cb-bda5-4be2-a9af-013c909daf98": ["d3a82b9e-f5a2-42ef-90e0-e9653082e436"], "702b1588-41fd-4d0f-902e-4bfa6993e8f9": ["2c234ec2-a86a-4af3-b8f1-074ef1a4c8c9"], "80b1499c-b1e4-469f-af10-f931ba9d6ea4": "testing my incidents", "b14f9ff5-504c-404c-8def-d3e9b347b842": "<<<nil>>>", "cf217089-efb0-4640-a5de-4a4c9d142f0b": "EC2 Test", "f33a31ce-6592-439a-876e-699266441d99": null}', '{}', false, '2023-03-30 18:20:09.209421', 1680200409);


--
-- Data for Name: active_flows; Type: TABLE DATA; Schema: public; Owner: postgres
--

INSERT INTO public.active_flows (account_id, flow_id, item_id, node_id, life, is_active, created_at, updated_at) VALUES ('3cf17266-3473-4006-984f-9325122678b7', '2d208e36-bf53-40d9-a19f-087d91667974', '49a53e08-033a-40a2-912f-171a940e66e6', '94d353a5-256f-4d41-ad59-bd3e8cb86e48', 2, true, '2023-03-28 21:04:24.994962', 1680116196);


--
-- Data for Name: nodes; Type: TABLE DATA; Schema: public; Owner: postgres
--

INSERT INTO public.nodes (node_id, parent_node_id, account_id, flow_id, actor_id, stage_id, name, description, weight, type, expression, tokenb, actuals, created_at, updated_at) VALUES ('c04f6e9c-429a-419f-a7b3-dca3e6416148', '00000000-0000-0000-0000-000000000000', '3cf17266-3473-4006-984f-9325122678b7', '2d208e36-bf53-40d9-a19f-087d91667974', '00000000-0000-0000-0000-000000000000', '00000000-0000-0000-0000-000000000000', 'Open', 'Incident Open', 0, 8, '', 'null', '{}', '2023-03-26 22:27:14.638565', 1679869634);
INSERT INTO public.nodes (node_id, parent_node_id, account_id, flow_id, actor_id, stage_id, name, description, weight, type, expression, tokenb, actuals, created_at, updated_at) VALUES ('788d9929-a211-49b5-85bf-5ae05067c682', 'c04f6e9c-429a-419f-a7b3-dca3e6416148', '3cf17266-3473-4006-984f-9325122678b7', '2d208e36-bf53-40d9-a19f-087d91667974', '00000000-0000-0000-0000-000000000000', '00000000-0000-0000-0000-000000000000', 'Triggered', 'Incident Triggered', 0, 8, '', 'null', '{}', '2023-03-26 22:27:14.639745', 1679869634);
INSERT INTO public.nodes (node_id, parent_node_id, account_id, flow_id, actor_id, stage_id, name, description, weight, type, expression, tokenb, actuals, created_at, updated_at) VALUES ('94d353a5-256f-4d41-ad59-bd3e8cb86e48', '788d9929-a211-49b5-85bf-5ae05067c682', '3cf17266-3473-4006-984f-9325122678b7', '2d208e36-bf53-40d9-a19f-087d91667974', '00000000-0000-0000-0000-000000000000', '00000000-0000-0000-0000-000000000000', 'Acknowledged', 'Incident Acknowledged', 0, 8, '', 'null', '{}', '2023-03-26 22:27:14.640278', 1679869634);
INSERT INTO public.nodes (node_id, parent_node_id, account_id, flow_id, actor_id, stage_id, name, description, weight, type, expression, tokenb, actuals, created_at, updated_at) VALUES ('49c2c8a0-9c1e-4ec4-af77-17c900303c14', '94d353a5-256f-4d41-ad59-bd3e8cb86e48', '3cf17266-3473-4006-984f-9325122678b7', '2d208e36-bf53-40d9-a19f-087d91667974', '00000000-0000-0000-0000-000000000000', '00000000-0000-0000-0000-000000000000', 'Resolved', 'Incident Resolved', 0, 8, '', 'null', '{}', '2023-03-26 22:27:14.640804', 1679869634);
INSERT INTO public.nodes (node_id, parent_node_id, account_id, flow_id, actor_id, stage_id, name, description, weight, type, expression, tokenb, actuals, created_at, updated_at) VALUES ('1a170b3e-a372-4bd9-ab02-89e7420a19db', '49c2c8a0-9c1e-4ec4-af77-17c900303c14', '3cf17266-3473-4006-984f-9325122678b7', '2d208e36-bf53-40d9-a19f-087d91667974', '753191f4-d154-4de5-b0c1-cb9e0537a597', '49c2c8a0-9c1e-4ec4-af77-17c900303c14', 'Document the incident', 'Task', 0, 2, '', 'null', '{"753191f4-d154-4de5-b0c1-cb9e0537a597": "90c1d2c8-f8bb-421e-9e96-d18b004be3db"}', '2023-03-26 22:27:14.641276', 1679869634);
INSERT INTO public.nodes (node_id, parent_node_id, account_id, flow_id, actor_id, stage_id, name, description, weight, type, expression, tokenb, actuals, created_at, updated_at) VALUES ('fef8a374-2e34-48ea-ab77-cc1262f87535', '00000000-0000-0000-0000-000000000000', '3cf17266-3473-4006-984f-9325122678b7', '32ce9894-08ce-4892-9665-8a65531b9f6e', '00000000-0000-0000-0000-000000000000', '00000000-0000-0000-0000-000000000000', 'Open', 'Incident Open', 0, 8, '', 'null', '{}', '2023-03-26 22:27:14.64231', 1679869634);
INSERT INTO public.nodes (node_id, parent_node_id, account_id, flow_id, actor_id, stage_id, name, description, weight, type, expression, tokenb, actuals, created_at, updated_at) VALUES ('6596aadc-f20d-46c1-9c33-0940602fdd92', 'fef8a374-2e34-48ea-ab77-cc1262f87535', '3cf17266-3473-4006-984f-9325122678b7', '32ce9894-08ce-4892-9665-8a65531b9f6e', '00000000-0000-0000-0000-000000000000', '00000000-0000-0000-0000-000000000000', 'Triggered', 'Incident Triggered', 0, 8, '', 'null', '{}', '2023-03-26 22:27:14.642757', 1679869634);
INSERT INTO public.nodes (node_id, parent_node_id, account_id, flow_id, actor_id, stage_id, name, description, weight, type, expression, tokenb, actuals, created_at, updated_at) VALUES ('a8316e83-2a85-44ca-9039-630f1fdd5d7f', '6596aadc-f20d-46c1-9c33-0940602fdd92', '3cf17266-3473-4006-984f-9325122678b7', '32ce9894-08ce-4892-9665-8a65531b9f6e', '753191f4-d154-4de5-b0c1-cb9e0537a597', '6596aadc-f20d-46c1-9c33-0940602fdd92', 'Notify managers', 'Task', 0, 2, '', 'null', '{"753191f4-d154-4de5-b0c1-cb9e0537a597": "0f2f06de-f860-4079-bc1e-e869fb2d8d6b"}', '2023-03-26 22:27:14.643166', 1679869634);
INSERT INTO public.nodes (node_id, parent_node_id, account_id, flow_id, actor_id, stage_id, name, description, weight, type, expression, tokenb, actuals, created_at, updated_at) VALUES ('3811ac5b-02ff-4184-8bd7-902506fdb1c8', '6596aadc-f20d-46c1-9c33-0940602fdd92', '3cf17266-3473-4006-984f-9325122678b7', '32ce9894-08ce-4892-9665-8a65531b9f6e', '00000000-0000-0000-0000-000000000000', '00000000-0000-0000-0000-000000000000', 'Acknowledged', 'Incident Acknowledged', 0, 8, '', 'null', '{}', '2023-03-26 22:27:14.643608', 1679869634);
INSERT INTO public.nodes (node_id, parent_node_id, account_id, flow_id, actor_id, stage_id, name, description, weight, type, expression, tokenb, actuals, created_at, updated_at) VALUES ('0f19d778-de45-4b38-b0ea-ae94c0caee08', '3811ac5b-02ff-4184-8bd7-902506fdb1c8', '3cf17266-3473-4006-984f-9325122678b7', '32ce9894-08ce-4892-9665-8a65531b9f6e', '00000000-0000-0000-0000-000000000000', '00000000-0000-0000-0000-000000000000', 'Resolved', 'Incident Resolved', 0, 8, '', 'null', '{}', '2023-03-26 22:27:14.643955', 1679869634);
INSERT INTO public.nodes (node_id, parent_node_id, account_id, flow_id, actor_id, stage_id, name, description, weight, type, expression, tokenb, actuals, created_at, updated_at) VALUES ('919463b2-143e-4f55-a92c-42f34929ca82', '0f19d778-de45-4b38-b0ea-ae94c0caee08', '3cf17266-3473-4006-984f-9325122678b7', '32ce9894-08ce-4892-9665-8a65531b9f6e', '753191f4-d154-4de5-b0c1-cb9e0537a597', '0f19d778-de45-4b38-b0ea-ae94c0caee08', 'Document RCA', 'Task', 0, 2, '', 'null', '{"753191f4-d154-4de5-b0c1-cb9e0537a597": "8e6d8bc0-3a11-4976-aed4-8bf309867bd3"}', '2023-03-26 22:27:14.644344', 1679869634);


--
-- Data for Name: active_nodes; Type: TABLE DATA; Schema: public; Owner: postgres
--

INSERT INTO public.active_nodes (account_id, flow_id, entity_id, item_id, node_id, life, is_active, created_at, updated_at) VALUES ('3cf17266-3473-4006-984f-9325122678b7', '2d208e36-bf53-40d9-a19f-087d91667974', '69d2af4e-61a5-4239-988c-d5e1bd7bc4e7', '49a53e08-033a-40a2-912f-171a940e66e6', 'c04f6e9c-429a-419f-a7b3-dca3e6416148', 1, true, '2023-03-28 21:04:24.996571', 1680037464);
INSERT INTO public.active_nodes (account_id, flow_id, entity_id, item_id, node_id, life, is_active, created_at, updated_at) VALUES ('3cf17266-3473-4006-984f-9325122678b7', '2d208e36-bf53-40d9-a19f-087d91667974', '69d2af4e-61a5-4239-988c-d5e1bd7bc4e7', '49a53e08-033a-40a2-912f-171a940e66e6', '788d9929-a211-49b5-85bf-5ae05067c682', 1, true, '2023-03-28 21:04:24.999811', 1680037464);
INSERT INTO public.active_nodes (account_id, flow_id, entity_id, item_id, node_id, life, is_active, created_at, updated_at) VALUES ('3cf17266-3473-4006-984f-9325122678b7', '2d208e36-bf53-40d9-a19f-087d91667974', '69d2af4e-61a5-4239-988c-d5e1bd7bc4e7', '49a53e08-033a-40a2-912f-171a940e66e6', '94d353a5-256f-4d41-ad59-bd3e8cb86e48', 2, true, '2023-03-28 21:04:25.002029', 1680116196);
INSERT INTO public.active_nodes (account_id, flow_id, entity_id, item_id, node_id, life, is_active, created_at, updated_at) VALUES ('3cf17266-3473-4006-984f-9325122678b7', '2d208e36-bf53-40d9-a19f-087d91667974', '69d2af4e-61a5-4239-988c-d5e1bd7bc4e7', '49a53e08-033a-40a2-912f-171a940e66e6', '49c2c8a0-9c1e-4ec4-af77-17c900303c14', 2, true, '2023-03-28 21:04:25.003799', 1680116196);
INSERT INTO public.active_nodes (account_id, flow_id, entity_id, item_id, node_id, life, is_active, created_at, updated_at) VALUES ('3cf17266-3473-4006-984f-9325122678b7', '2d208e36-bf53-40d9-a19f-087d91667974', '69d2af4e-61a5-4239-988c-d5e1bd7bc4e7', '49a53e08-033a-40a2-912f-171a940e66e6', '1a170b3e-a372-4bd9-ab02-89e7420a19db', 2, true, '2023-03-28 21:04:25.076503', 1680116196);


--
-- Data for Name: dashboards; Type: TABLE DATA; Schema: public; Owner: postgres
--

INSERT INTO public.dashboards (dashboard_id, account_id, team_id, entity_id, user_id, name, type, metab, created_at) VALUES ('00e43922-1f8b-4f6c-b68a-d88a432ce2b1', '3cf17266-3473-4006-984f-9325122678b7', '4a8ba6c4-804e-44de-a252-8b1d084b8767', '00000000-0000-0000-0000-000000000000', '45b5fbd3-755f-4379-8f07-a58d4a30fa2f', 'Overview', 'default', '{}', '2023-03-26 22:27:14.614163');
INSERT INTO public.dashboards (dashboard_id, account_id, team_id, entity_id, user_id, name, type, metab, created_at) VALUES ('2b047ccf-3214-4f4e-9b3d-3b0d15002995', '3cf17266-3473-4006-984f-9325122678b7', '4a8ba6c4-804e-44de-a252-8b1d084b8767', '69d2af4e-61a5-4239-988c-d5e1bd7bc4e7', '45b5fbd3-755f-4379-8f07-a58d4a30fa2f', 'Incident Overview', 'default', '{}', '2023-03-26 22:27:14.621487');
INSERT INTO public.dashboards (dashboard_id, account_id, team_id, entity_id, user_id, name, type, metab, created_at) VALUES ('79a87041-6ff6-4ea6-a29f-8f5ba007d817', '3cf17266-3473-4006-984f-9325122678b7', '4a8ba6c4-804e-44de-a252-8b1d084b8767', 'deb92374-55c1-4e43-9628-2230fa245f10', '45b5fbd3-755f-4379-8f07-a58d4a30fa2f', 'My Dashboard', 'default', '{}', '2023-03-26 22:27:14.622453');


--
-- Data for Name: charts; Type: TABLE DATA; Schema: public; Owner: postgres
--

INSERT INTO public.charts (chart_id, account_id, team_id, entity_id, dashboard_id, name, display_name, type, duration, state, "position", metab, created_at) VALUES ('5642c93d-6281-4c86-b149-9975942f6bc7', '3cf17266-3473-4006-984f-9325122678b7', '4a8ba6c4-804e-44de-a252-8b1d084b8767', '69d2af4e-61a5-4239-988c-d5e1bd7bc4e7', '00e43922-1f8b-4f6c-b68a-d88a432ce2b1', 'incidents_category', 'Incidents category', 'pie', 'all_time', 0, 0, '{"calc": "count", "field": "category", "source": "00000000-0000-0000-0000-000000000000", "data_type": "default", "group_by_logic": "g_b_id"}', '2023-03-26 22:27:14.615227');
INSERT INTO public.charts (chart_id, account_id, team_id, entity_id, dashboard_id, name, display_name, type, duration, state, "position", metab, created_at) VALUES ('71d6e15f-f949-4da1-9d78-9d21a6e73ab9', '3cf17266-3473-4006-984f-9325122678b7', '4a8ba6c4-804e-44de-a252-8b1d084b8767', '69d2af4e-61a5-4239-988c-d5e1bd7bc4e7', '00e43922-1f8b-4f6c-b68a-d88a432ce2b1', 'incidents_type', 'Incidents type', 'bar', 'all_time', 0, 0, '{"calc": "count", "field": "type", "source": "00000000-0000-0000-0000-000000000000", "data_type": "default", "group_by_logic": "g_b_id"}', '2023-03-26 22:27:14.618955');
INSERT INTO public.charts (chart_id, account_id, team_id, entity_id, dashboard_id, name, display_name, type, duration, state, "position", metab, created_at) VALUES ('6e57db68-165d-4f8a-8693-ab9a3bd463f6', '3cf17266-3473-4006-984f-9325122678b7', '4a8ba6c4-804e-44de-a252-8b1d084b8767', '69d2af4e-61a5-4239-988c-d5e1bd7bc4e7', '00e43922-1f8b-4f6c-b68a-d88a432ce2b1', 'new_incidents', 'Incidents rate', 'grid', 'last_24hrs', 0, 0, '{"calc": "rate", "date": "system_created_at", "icon": "chrun.svg", "field": "status", "source": "00000000-0000-0000-0000-000000000000", "data_type": "default", "group_by_logic": "g_b_id"}', '2023-03-26 22:27:14.619586');
INSERT INTO public.charts (chart_id, account_id, team_id, entity_id, dashboard_id, name, display_name, type, duration, state, "position", metab, created_at) VALUES ('0315d22b-1bfc-45cd-a587-396c96da6c8b', '3cf17266-3473-4006-984f-9325122678b7', '4a8ba6c4-804e-44de-a252-8b1d084b8767', '69d2af4e-61a5-4239-988c-d5e1bd7bc4e7', '00e43922-1f8b-4f6c-b68a-d88a432ce2b1', 'sum_incidents', 'New Incidents', 'grid', 'last_24hrs', 0, 0, '{"calc": "sum", "date": "system_created_at", "icon": "new_customer.svg", "field": "", "source": "00000000-0000-0000-0000-000000000000", "data_type": "default", "group_by_logic": "none"}', '2023-03-26 22:27:14.620224');
INSERT INTO public.charts (chart_id, account_id, team_id, entity_id, dashboard_id, name, display_name, type, duration, state, "position", metab, created_at) VALUES ('37333d7d-b6d0-46ef-bb40-48a6418e5923', '3cf17266-3473-4006-984f-9325122678b7', '4a8ba6c4-804e-44de-a252-8b1d084b8767', '69d2af4e-61a5-4239-988c-d5e1bd7bc4e7', '00e43922-1f8b-4f6c-b68a-d88a432ce2b1', 'delayed', 'Delayed', 'grid', 'last_24hrs', 0, 0, '{"exp": "{{69d2af4e-61a5-4239-988c-d5e1bd7bc4e7.b14f9ff5-504c-404c-8def-d3e9b347b842}} bf {now}", "calc": "sum", "icon": "delayed.svg", "field": "end_time", "source": "", "data_type": "default", "group_by_logic": "g_b_p"}', '2023-03-26 22:27:14.620918');
INSERT INTO public.charts (chart_id, account_id, team_id, entity_id, dashboard_id, name, display_name, type, duration, state, "position", metab, created_at) VALUES ('6833aecd-780e-4953-b28c-c0d617adb79c', '3cf17266-3473-4006-984f-9325122678b7', '4a8ba6c4-804e-44de-a252-8b1d084b8767', '753191f4-d154-4de5-b0c1-cb9e0537a597', '2b047ccf-3214-4f4e-9b3d-3b0d15002995', 'tasks', 'Tasks', 'pie', 'all_time', 0, 0, '{"calc": "count", "field": "status", "source": "00000000-0000-0000-0000-000000000000", "data_type": "default", "group_by_logic": "g_b_id"}', '2023-03-26 22:27:14.62193');
INSERT INTO public.charts (chart_id, account_id, team_id, entity_id, dashboard_id, name, display_name, type, duration, state, "position", metab, created_at) VALUES ('de897369-bea3-42e2-aedb-74ab9474dbeb', '3cf17266-3473-4006-984f-9325122678b7', '4a8ba6c4-804e-44de-a252-8b1d084b8767', '704ce43e-acc6-426e-8868-ca010c61c05e', '79a87041-6ff6-4ea6-a29f-8f5ba007d817', 'my_pending_approvals', 'My Pending Approvals', 'card', 'all_time', 0, 0, '{"exp": "{{704ce43e-acc6-426e-8868-ca010c61c05e.95678562-411c-48ac-865c-d4a5238c3007}} in {c28965dd-7d0c-4f03-8835-db1f39134123,e15af7e2-2241-4c63-a8b0-985ae4b2881d} && {{704ce43e-acc6-426e-8868-ca010c61c05e.35a74d99-700f-4da3-bc4d-3bd899c3f1d2}} in {{me}}", "calc": "count", "icon": "pending-approvals.svg", "field": "", "source": "00000000-0000-0000-0000-000000000000", "data_type": "default", "group_by_logic": "g_b_id"}', '2023-03-26 22:27:14.622999');
INSERT INTO public.charts (chart_id, account_id, team_id, entity_id, dashboard_id, name, display_name, type, duration, state, "position", metab, created_at) VALUES ('ae247c81-e43a-41d1-b25a-2fc3659ca4c0', '3cf17266-3473-4006-984f-9325122678b7', '4a8ba6c4-804e-44de-a252-8b1d084b8767', '753191f4-d154-4de5-b0c1-cb9e0537a597', '79a87041-6ff6-4ea6-a29f-8f5ba007d817', 'my_overdue_tasks', 'My Overdue Tasks', 'card', 'all_time', 0, 0, '{"exp": "{{753191f4-d154-4de5-b0c1-cb9e0537a597.e530cb97-e176-44f7-9f3a-1a5170f345df}} !eq {71a4e8c3-40e1-4ef0-aa1b-e70c79addd4a} && {{753191f4-d154-4de5-b0c1-cb9e0537a597.dd17e827-154c-43a3-b19b-5c23a1156215}} bf {now} && {{753191f4-d154-4de5-b0c1-cb9e0537a597.}} in {{me}}", "calc": "count", "icon": "overdue-tasks.svg", "field": "", "source": "00000000-0000-0000-0000-000000000000", "data_type": "default", "group_by_logic": "none"}', '2023-03-26 22:27:14.623545');
INSERT INTO public.charts (chart_id, account_id, team_id, entity_id, dashboard_id, name, display_name, type, duration, state, "position", metab, created_at) VALUES ('6106856b-c57d-4038-8688-4b469ea35fc4', '3cf17266-3473-4006-984f-9325122678b7', '4a8ba6c4-804e-44de-a252-8b1d084b8767', '753191f4-d154-4de5-b0c1-cb9e0537a597', '79a87041-6ff6-4ea6-a29f-8f5ba007d817', 'my_open_tasks', 'My Open Tasks', 'card', 'all_time', 0, 0, '{"exp": "{{753191f4-d154-4de5-b0c1-cb9e0537a597.e530cb97-e176-44f7-9f3a-1a5170f345df}} in {6c93f09e-fa62-4227-96ca-94cfd977a56e} && {{753191f4-d154-4de5-b0c1-cb9e0537a597.}} in {{me}}", "calc": "count", "icon": "open-tasks.svg", "field": "", "source": "00000000-0000-0000-0000-000000000000", "data_type": "default", "group_by_logic": "none"}', '2023-03-26 22:27:14.623995');
INSERT INTO public.charts (chart_id, account_id, team_id, entity_id, dashboard_id, name, display_name, type, duration, state, "position", metab, created_at) VALUES ('9197a061-6f73-48e9-93f9-fe11ae6ae5f6', '3cf17266-3473-4006-984f-9325122678b7', '4a8ba6c4-804e-44de-a252-8b1d084b8767', '69d2af4e-61a5-4239-988c-d5e1bd7bc4e7', '79a87041-6ff6-4ea6-a29f-8f5ba007d817', 'my_overdue_incidents', 'My Overdue Incidents', 'card', 'all_time', 0, 0, '{"exp": "{{69d2af4e-61a5-4239-988c-d5e1bd7bc4e7.}} !in {71a4e8c3-40e1-4ef0-aa1b-e70c79addd4a} && {{69d2af4e-61a5-4239-988c-d5e1bd7bc4e7.b14f9ff5-504c-404c-8def-d3e9b347b842}} bf {now} && {{69d2af4e-61a5-4239-988c-d5e1bd7bc4e7.6da1c4cb-bda5-4be2-a9af-013c909daf98}} in {{me}}", "calc": "count", "icon": "overdue-projects.svg", "field": "", "source": "00000000-0000-0000-0000-000000000000", "data_type": "default", "group_by_logic": "none"}', '2023-03-26 22:27:14.624672');
INSERT INTO public.charts (chart_id, account_id, team_id, entity_id, dashboard_id, name, display_name, type, duration, state, "position", metab, created_at) VALUES ('2ceab766-0882-44df-87e5-02d85f028792', '3cf17266-3473-4006-984f-9325122678b7', '4a8ba6c4-804e-44de-a252-8b1d084b8767', '69d2af4e-61a5-4239-988c-d5e1bd7bc4e7', '79a87041-6ff6-4ea6-a29f-8f5ba007d817', 'my_open_incidents', 'My Open Incidents', 'card', 'all_time', 0, 0, '{"exp": "{{69d2af4e-61a5-4239-988c-d5e1bd7bc4e7.}} in {6c93f09e-fa62-4227-96ca-94cfd977a56e} && {{69d2af4e-61a5-4239-988c-d5e1bd7bc4e7.6da1c4cb-bda5-4be2-a9af-013c909daf98}} in {{me}}", "calc": "count", "icon": "open-projects.svg", "field": "", "source": "00000000-0000-0000-0000-000000000000", "data_type": "default", "group_by_logic": "none"}', '2023-03-26 22:27:14.625321');


--
-- Data for Name: users; Type: TABLE DATA; Schema: public; Owner: postgres
--

INSERT INTO public.users (user_id, account_id, member_id, name, avatar, email, phone, verified, roles, password_hash, provider, issued_at, created_at, updated_at) VALUES ('55b5fbd3-755f-4379-8f07-a58d4a30fa2f', '3cf17266-3473-4006-984f-9325122678b7', '55b5fbd3-755f-4379-8f07-a58d4a30fa2f', 'senthil', 'https://randomuser.me/api/portraits/thumb/lego/2.jpg', 'sksenthilkumaar@gmail.com', '9940209164', true, '{MEMBER}', 'sk_replacetokenhere', 'firebase', '2019-11-20 00:00:00', '2019-11-20 00:00:00', 1574239364000);
INSERT INTO public.users (user_id, account_id, member_id, name, avatar, email, phone, verified, roles, password_hash, provider, issued_at, created_at, updated_at) VALUES ('65b5fbd3-755f-4379-8f07-a58d4a30fa2f', '3cf17266-3473-4006-984f-9325122678b7', '65b5fbd3-755f-4379-8f07-a58d4a30fa2f', 'saravana', 'https://randomuser.me/api/portraits/thumb/lego/3.jpg', 'saravanaprakas@gmail.com', '9940209164', true, '{USER}', 'sexy_replacetokenhere', 'firebase', '2019-11-20 00:00:00', '2019-11-20 00:00:00', 1574239364000);
INSERT INTO public.users (user_id, account_id, member_id, name, avatar, email, phone, verified, roles, password_hash, provider, issued_at, created_at, updated_at) VALUES ('5cf37266-3473-4006-984f-9325122678b7', '3cf17266-3473-4006-984f-9325122678b7', '5cf37266-3473-4006-984f-9325122678b7', 'sankar', 'https://randomuser.me/api/portraits/thumb/lego/4.jpg', 'vijayasankarmail@gmail.com', '9944293499', true, '{VISITOR}', 'MYmfEIgwFYWrlKaDNJ0O3UNJSPg2', 'firebase', '2019-11-20 00:00:00', '2019-11-20 00:00:00', 1612675165);
INSERT INTO public.users (user_id, account_id, member_id, name, avatar, email, phone, verified, roles, password_hash, provider, issued_at, created_at, updated_at) VALUES ('45b5fbd3-755f-4379-8f07-a58d4a30fa2f', '3cf17266-3473-4006-984f-9325122678b7', 'd3a82b9e-f5a2-42ef-90e0-e9653082e436', 'vijay', 'https://randomuser.me/api/portraits/thumb/lego/1.jpg', 'vijayasankarj@gmail.com', '9940209164', true, '{ADMIN}', 'Zyg2U2ogVEafE7aaXXeQpYsI9G33', 'firebase', '2019-11-20 00:00:00', '2019-11-20 00:00:00', 1574239364000);


--
-- Data for Name: clients; Type: TABLE DATA; Schema: public; Owner: postgres
--



--
-- Data for Name: connections; Type: TABLE DATA; Schema: public; Owner: postgres
--

INSERT INTO public.connections (connection_id, account_id, user_id, relationship_id, entity_name, src_entity_id, dst_entity_id, src_item_id, dst_item_id, title, sub_title, action, created_at, updated_at) VALUES ('a011b21f-cd99-4a3b-8e46-96eca905e502', '3cf17266-3473-4006-984f-9325122678b7', '45b5fbd3-755f-4379-8f07-a58d4a30fa2f', 'b5359823-7777-4bfd-b732-16101112d462', 'Tasks', '753191f4-d154-4de5-b0c1-cb9e0537a597', '888b45ed-fa87-4dc6-819b-2ed6d6311c3e', '6d9a05ca-d063-4815-927a-18d8458044f3', '6c93f09e-fa62-4227-96ca-94cfd977a56e', 'sdfsfsdfsdf', '', 'created', '2023-03-29 17:08:19.862011', 1680109699);
INSERT INTO public.connections (connection_id, account_id, user_id, relationship_id, entity_name, src_entity_id, dst_entity_id, src_item_id, dst_item_id, title, sub_title, action, created_at, updated_at) VALUES ('a8a184b7-e5a1-470a-8119-a487dbcee73f', '3cf17266-3473-4006-984f-9325122678b7', '45b5fbd3-755f-4379-8f07-a58d4a30fa2f', '18be7417-bab4-4ee3-9bda-86b7617444c5', 'Tasks', '753191f4-d154-4de5-b0c1-cb9e0537a597', 'd8e8ee53-5fdd-4efb-8e4a-1c9aa7bfb168', '6d9a05ca-d063-4815-927a-18d8458044f3', 'd3a82b9e-f5a2-42ef-90e0-e9653082e436', 'sdfsfsdfsdf', '', 'created', '2023-03-29 17:08:19.86652', 1680109699);
INSERT INTO public.connections (connection_id, account_id, user_id, relationship_id, entity_name, src_entity_id, dst_entity_id, src_item_id, dst_item_id, title, sub_title, action, created_at, updated_at) VALUES ('6ef59c40-1ffa-46c3-8931-d282c9e54664', '3cf17266-3473-4006-984f-9325122678b7', '45b5fbd3-755f-4379-8f07-a58d4a30fa2f', '5c100d41-dc5d-4ce0-854b-697f4eac699a', 'Tasks', '753191f4-d154-4de5-b0c1-cb9e0537a597', '69d2af4e-61a5-4239-988c-d5e1bd7bc4e7', '6d9a05ca-d063-4815-927a-18d8458044f3', '49a53e08-033a-40a2-912f-171a940e66e6', 'sdfsfsdfsdf', '', 'created', '2023-03-29 17:08:19.868197', 1680109699);
INSERT INTO public.connections (connection_id, account_id, user_id, relationship_id, entity_name, src_entity_id, dst_entity_id, src_item_id, dst_item_id, title, sub_title, action, created_at, updated_at) VALUES ('be4a3302-6731-4c9b-bbcc-dedb14c7f06d', '3cf17266-3473-4006-984f-9325122678b7', '10000000-1000-1000-1000-100000000000', 'b5359823-7777-4bfd-b732-16101112d462', 'Tasks', '753191f4-d154-4de5-b0c1-cb9e0537a597', '888b45ed-fa87-4dc6-819b-2ed6d6311c3e', '19c0ea42-b32d-43d6-8afc-3a435f6a83ca', '6c93f09e-fa62-4227-96ca-94cfd977a56e', 'Prepare documents', '', 'created', '2023-03-28 21:04:25.02693', 1680037465);
INSERT INTO public.connections (connection_id, account_id, user_id, relationship_id, entity_name, src_entity_id, dst_entity_id, src_item_id, dst_item_id, title, sub_title, action, created_at, updated_at) VALUES ('fb9dc8e6-c265-488c-8048-49191bfacf1a', '3cf17266-3473-4006-984f-9325122678b7', '10000000-1000-1000-1000-100000000000', '5c100d41-dc5d-4ce0-854b-697f4eac699a', 'Tasks', '753191f4-d154-4de5-b0c1-cb9e0537a597', '69d2af4e-61a5-4239-988c-d5e1bd7bc4e7', '19c0ea42-b32d-43d6-8afc-3a435f6a83ca', '49a53e08-033a-40a2-912f-171a940e66e6', 'Prepare documents', '', 'created', '2023-03-28 21:04:25.027774', 1680037465);
INSERT INTO public.connections (connection_id, account_id, user_id, relationship_id, entity_name, src_entity_id, dst_entity_id, src_item_id, dst_item_id, title, sub_title, action, created_at, updated_at) VALUES ('da719d43-1a40-4a67-a63e-e88e53da508b', '3cf17266-3473-4006-984f-9325122678b7', '45b5fbd3-755f-4379-8f07-a58d4a30fa2f', '4138cf18-69c2-43c7-a455-b918e664ff93', 'Incidents', '69d2af4e-61a5-4239-988c-d5e1bd7bc4e7', 'd8e8ee53-5fdd-4efb-8e4a-1c9aa7bfb168', '49a53e08-033a-40a2-912f-171a940e66e6', 'd3a82b9e-f5a2-42ef-90e0-e9653082e436', 'EC2 cpu limit reached', '', 'updated', '2023-03-29 18:56:36.045657', 1680116196);
INSERT INTO public.connections (connection_id, account_id, user_id, relationship_id, entity_name, src_entity_id, dst_entity_id, src_item_id, dst_item_id, title, sub_title, action, created_at, updated_at) VALUES ('34cae197-e027-4621-8d25-2ade6bb9b942', '3cf17266-3473-4006-984f-9325122678b7', '45b5fbd3-755f-4379-8f07-a58d4a30fa2f', '5b3103ef-f358-4f74-9d1b-4c03f9221925', 'Incidents', '69d2af4e-61a5-4239-988c-d5e1bd7bc4e7', '147d8920-bb7b-461b-b43e-dd63521d5c94', '49a53e08-033a-40a2-912f-171a940e66e6', '2658ccf2-031a-4caa-b33d-b8ac3d6d513b', 'EC2 cpu limit reached', '', 'updated', '2023-03-29 18:56:36.048057', 1680116196);
INSERT INTO public.connections (connection_id, account_id, user_id, relationship_id, entity_name, src_entity_id, dst_entity_id, src_item_id, dst_item_id, title, sub_title, action, created_at, updated_at) VALUES ('8b06a53f-e5ef-4565-a3dd-248aa02131e9', '3cf17266-3473-4006-984f-9325122678b7', '45b5fbd3-755f-4379-8f07-a58d4a30fa2f', '178d7bde-fa5a-42b2-be98-b6682395c5f4', 'Incidents', '69d2af4e-61a5-4239-988c-d5e1bd7bc4e7', 'b200a7da-c188-447f-b90e-8237835cf56e', '49a53e08-033a-40a2-912f-171a940e66e6', '835e8396-0ed9-49c8-a500-4d11d7cb13e7', 'EC2 cpu limit reached', '', 'updated', '2023-03-29 18:56:36.050154', 1680116196);
INSERT INTO public.connections (connection_id, account_id, user_id, relationship_id, entity_name, src_entity_id, dst_entity_id, src_item_id, dst_item_id, title, sub_title, action, created_at, updated_at) VALUES ('9c10107b-5629-4d03-afcd-ca21a210488c', '3cf17266-3473-4006-984f-9325122678b7', '45b5fbd3-755f-4379-8f07-a58d4a30fa2f', '3e4db8ed-a1f9-45db-b992-3b4d6b910b6f', 'Incidents', '69d2af4e-61a5-4239-988c-d5e1bd7bc4e7', '71e90e85-4b09-44bf-b0f1-8b1cdfadc098', '49a53e08-033a-40a2-912f-171a940e66e6', 'f5d1ffbc-8c65-41d2-b6ae-0b37cfe51db5', 'EC2 cpu limit reached', '', 'updated', '2023-03-29 18:56:36.052367', 1680116196);
INSERT INTO public.connections (connection_id, account_id, user_id, relationship_id, entity_name, src_entity_id, dst_entity_id, src_item_id, dst_item_id, title, sub_title, action, created_at, updated_at) VALUES ('88a7b36e-c643-4c86-87b5-32c1fdd6c058', '3cf17266-3473-4006-984f-9325122678b7', '45b5fbd3-755f-4379-8f07-a58d4a30fa2f', '217cfd91-aad1-4b17-b797-23420622b751', 'Incidents', '69d2af4e-61a5-4239-988c-d5e1bd7bc4e7', 'd8e8ee53-5fdd-4efb-8e4a-1c9aa7bfb168', '49a53e08-033a-40a2-912f-171a940e66e6', 'd3a82b9e-f5a2-42ef-90e0-e9653082e436', 'EC2 cpu limit reached', '', 'updated', '2023-03-29 18:56:36.054474', 1680116196);
INSERT INTO public.connections (connection_id, account_id, user_id, relationship_id, entity_name, src_entity_id, dst_entity_id, src_item_id, dst_item_id, title, sub_title, action, created_at, updated_at) VALUES ('acc29a29-118f-4f41-900a-72dd67fbc3f2', '3cf17266-3473-4006-984f-9325122678b7', '10000000-1000-1000-1000-100000000000', 'b5359823-7777-4bfd-b732-16101112d462', 'Tasks', '753191f4-d154-4de5-b0c1-cb9e0537a597', '888b45ed-fa87-4dc6-819b-2ed6d6311c3e', 'd3c2f782-5873-4912-906f-4bcff7e04438', '6c93f09e-fa62-4227-96ca-94cfd977a56e', 'Prepare documents', '', 'created', '2023-03-29 18:56:36.104073', 1680116196);
INSERT INTO public.connections (connection_id, account_id, user_id, relationship_id, entity_name, src_entity_id, dst_entity_id, src_item_id, dst_item_id, title, sub_title, action, created_at, updated_at) VALUES ('343b1c29-e700-41a3-89c7-8cd09c6db9c4', '3cf17266-3473-4006-984f-9325122678b7', '10000000-1000-1000-1000-100000000000', '5c100d41-dc5d-4ce0-854b-697f4eac699a', 'Tasks', '753191f4-d154-4de5-b0c1-cb9e0537a597', '69d2af4e-61a5-4239-988c-d5e1bd7bc4e7', 'd3c2f782-5873-4912-906f-4bcff7e04438', '49a53e08-033a-40a2-912f-171a940e66e6', 'Prepare documents', '', 'created', '2023-03-29 18:56:36.1057', 1680116196);


--
-- Data for Name: conversations; Type: TABLE DATA; Schema: public; Owner: postgres
--

INSERT INTO public.conversations (conversation_id, account_id, entity_id, item_id, user_id, type, state, message, payload, created_at, updated_at) VALUES ('277977a9-aa3a-40ed-a6c1-1788f66a22fe', '3cf17266-3473-4006-984f-9325122678b7', '753191f4-d154-4de5-b0c1-cb9e0537a597', '19c0ea42-b32d-43d6-8afc-3a435f6a83ca', '45b5fbd3-755f-4379-8f07-a58d4a30fa2f', 0, 0, 'sdasdasd', 'null', '2023-03-29 16:59:46.590851', 1680109186);
INSERT INTO public.conversations (conversation_id, account_id, entity_id, item_id, user_id, type, state, message, payload, created_at, updated_at) VALUES ('fbb97886-1c0e-40d9-9f4b-25536f745091', '3cf17266-3473-4006-984f-9325122678b7', '753191f4-d154-4de5-b0c1-cb9e0537a597', '19c0ea42-b32d-43d6-8afc-3a435f6a83ca', '45b5fbd3-755f-4379-8f07-a58d4a30fa2f', 0, 0, 'asdasdasd', 'null', '2023-03-29 16:59:48.203986', 1680109188);
INSERT INTO public.conversations (conversation_id, account_id, entity_id, item_id, user_id, type, state, message, payload, created_at, updated_at) VALUES ('9d3747ce-9914-4563-ae48-708c2cbe2943', '3cf17266-3473-4006-984f-9325122678b7', '753191f4-d154-4de5-b0c1-cb9e0537a597', '19c0ea42-b32d-43d6-8afc-3a435f6a83ca', '45b5fbd3-755f-4379-8f07-a58d4a30fa2f', 0, 0, 'adsasdasd', 'null', '2023-03-29 16:59:49.83883', 1680109189);
INSERT INTO public.conversations (conversation_id, account_id, entity_id, item_id, user_id, type, state, message, payload, created_at, updated_at) VALUES ('a49af49d-3c2c-4e85-9504-727f00aaf76a', '3cf17266-3473-4006-984f-9325122678b7', '753191f4-d154-4de5-b0c1-cb9e0537a597', '19c0ea42-b32d-43d6-8afc-3a435f6a83ca', '45b5fbd3-755f-4379-8f07-a58d4a30fa2f', 0, 0, 'asdasdasd', 'null', '2023-03-29 16:59:51.756445', 1680109191);
INSERT INTO public.conversations (conversation_id, account_id, entity_id, item_id, user_id, type, state, message, payload, created_at, updated_at) VALUES ('6df13732-9cfb-4555-ba19-609bc6203db5', '3cf17266-3473-4006-984f-9325122678b7', '69d2af4e-61a5-4239-988c-d5e1bd7bc4e7', '49a53e08-033a-40a2-912f-171a940e66e6', '45b5fbd3-755f-4379-8f07-a58d4a30fa2f', 0, 0, 'asdasd', 'null', '2023-03-29 17:18:16.082188', 1680110296);
INSERT INTO public.conversations (conversation_id, account_id, entity_id, item_id, user_id, type, state, message, payload, created_at, updated_at) VALUES ('0caae802-11ed-4c21-ad99-540f752523a6', '3cf17266-3473-4006-984f-9325122678b7', '69d2af4e-61a5-4239-988c-d5e1bd7bc4e7', '49a53e08-033a-40a2-912f-171a940e66e6', '45b5fbd3-755f-4379-8f07-a58d4a30fa2f', 0, 0, 'asdasdsad', 'null', '2023-03-29 17:18:17.982088', 1680110297);
INSERT INTO public.conversations (conversation_id, account_id, entity_id, item_id, user_id, type, state, message, payload, created_at, updated_at) VALUES ('4853a892-c57f-42df-b2dc-d71426c734be', '3cf17266-3473-4006-984f-9325122678b7', '69d2af4e-61a5-4239-988c-d5e1bd7bc4e7', '49a53e08-033a-40a2-912f-171a940e66e6', '45b5fbd3-755f-4379-8f07-a58d4a30fa2f', 0, 0, 'adsasdasd', 'null', '2023-03-29 17:18:19.69894', 1680110299);
INSERT INTO public.conversations (conversation_id, account_id, entity_id, item_id, user_id, type, state, message, payload, created_at, updated_at) VALUES ('7d01e2f6-e430-4dd4-b717-e768e4afa9b3', '3cf17266-3473-4006-984f-9325122678b7', '69d2af4e-61a5-4239-988c-d5e1bd7bc4e7', '49a53e08-033a-40a2-912f-171a940e66e6', '45b5fbd3-755f-4379-8f07-a58d4a30fa2f', 0, 0, 'asdasdsad', 'null', '2023-03-29 17:18:21.215773', 1680110301);
INSERT INTO public.conversations (conversation_id, account_id, entity_id, item_id, user_id, type, state, message, payload, created_at, updated_at) VALUES ('a272eff2-1279-4409-9743-5d973f16c221', '3cf17266-3473-4006-984f-9325122678b7', '69d2af4e-61a5-4239-988c-d5e1bd7bc4e7', '49a53e08-033a-40a2-912f-171a940e66e6', '45b5fbd3-755f-4379-8f07-a58d4a30fa2f', 0, 0, 'asdsaasdasd', 'null', '2023-03-29 17:18:22.949596', 1680110302);
INSERT INTO public.conversations (conversation_id, account_id, entity_id, item_id, user_id, type, state, message, payload, created_at, updated_at) VALUES ('36a4eaee-7b5e-472e-8ac8-d7615d0f658b', '3cf17266-3473-4006-984f-9325122678b7', '69d2af4e-61a5-4239-988c-d5e1bd7bc4e7', '49a53e08-033a-40a2-912f-171a940e66e6', '45b5fbd3-755f-4379-8f07-a58d4a30fa2f', 0, 0, 'asdasasdad', 'null', '2023-03-29 17:18:24.732742', 1680110304);


--
-- Data for Name: darwin_migrations; Type: TABLE DATA; Schema: public; Owner: postgres
--

INSERT INTO public.darwin_migrations (id, version, description, checksum, applied_at, execution_time) VALUES (1, 1, 'Initial DB schema', 'ec21a7188011ec885989253ca5fe7671', 1679261764, 1.3879109e+08);


--
-- Data for Name: discoveries; Type: TABLE DATA; Schema: public; Owner: postgres
--

INSERT INTO public.discoveries (discovery_id, discovery_type, account_id, entity_id, item_id, created_at, updated_at) VALUES ('b2e28e03-a0bd-4402-a2d2-299ff9255c6a', 'base_inbox', '3cf17266-3473-4006-984f-9325122678b7', '6ca67fe2-4946-41dd-b538-73ccb0bbf256', 'aaa55336-2290-4e3c-bf80-ee029fbc20fc', '2023-03-26 22:27:09.547401', 1679869629);


--
-- Data for Name: drafts; Type: TABLE DATA; Schema: public; Owner: postgres
--



--
-- Data for Name: layouts; Type: TABLE DATA; Schema: public; Owner: postgres
--



--
-- Data for Name: log_streams; Type: TABLE DATA; Schema: public; Owner: postgres
--

INSERT INTO public.log_streams (account_id, log_id, comment, state, created_at) VALUES ('3cf17266-3473-4006-984f-9325122678b7', 'chatconversation#dc054a36-f709-4fed-bea4-3a1ea46dad7d', 'Redis', 6, '2023-03-29 17:18:19.700735');
INSERT INTO public.log_streams (account_id, log_id, comment, state, created_at) VALUES ('3cf17266-3473-4006-984f-9325122678b7', 'create#e8d67c9a-7d81-4d2e-ac5a-3b00f68a64c7', 'Redis', 6, '2023-03-26 22:27:14.229249');
INSERT INTO public.log_streams (account_id, log_id, comment, state, created_at) VALUES ('3cf17266-3473-4006-984f-9325122678b7', 'chatconversation#9bac7172-9c5b-4926-a1b6-ec4a0a7e1a0a', 'Redis', 6, '2023-03-29 17:18:21.217667');
INSERT INTO public.log_streams (account_id, log_id, comment, state, created_at) VALUES ('3cf17266-3473-4006-984f-9325122678b7', 'create#953502bd-ccd1-45eb-be44-220ef49d730c', 'Redis', 6, '2023-03-26 22:28:51.07689');
INSERT INTO public.log_streams (account_id, log_id, comment, state, created_at) VALUES ('3cf17266-3473-4006-984f-9325122678b7', 'create#119cccef-4f55-4ece-9826-24f314166760', 'Redis', 6, '2023-03-26 22:27:14.436521');
INSERT INTO public.log_streams (account_id, log_id, comment, state, created_at) VALUES ('3cf17266-3473-4006-984f-9325122678b7', 'create#cf4c977b-3f22-4b82-b763-f627f4eca73a', 'Redis', 6, '2023-03-26 22:27:14.251786');
INSERT INTO public.log_streams (account_id, log_id, comment, state, created_at) VALUES ('3cf17266-3473-4006-984f-9325122678b7', 'chatconversation#7060c964-fddf-45ba-be0e-b3a784a8d6dc', 'Redis', 6, '2023-03-29 17:18:22.951384');
INSERT INTO public.log_streams (account_id, log_id, comment, state, created_at) VALUES ('3cf17266-3473-4006-984f-9325122678b7', 'chatconversation#bdb6a8aa-6b3a-4c0d-b8c1-c1ba7573984a', 'Redis', 6, '2023-03-29 17:18:24.734451');
INSERT INTO public.log_streams (account_id, log_id, comment, state, created_at) VALUES ('3cf17266-3473-4006-984f-9325122678b7', 'create#58088932-5888-49b6-9475-3b6bb29a2a6e', 'Redis', 6, '2023-03-26 22:27:14.456355');
INSERT INTO public.log_streams (account_id, log_id, comment, state, created_at) VALUES ('3cf17266-3473-4006-984f-9325122678b7', 'create#2938b12a-5c0a-4886-a8b0-2c061355e7a1', 'Redis', 6, '2023-03-26 22:27:14.27712');
INSERT INTO public.log_streams (account_id, log_id, comment, state, created_at) VALUES ('3cf17266-3473-4006-984f-9325122678b7', 'create#ac952470-b720-4a52-99fa-366127715246', 'Redis', 6, '2023-03-28 21:04:25.012189');
INSERT INTO public.log_streams (account_id, log_id, comment, state, created_at) VALUES ('3cf17266-3473-4006-984f-9325122678b7', 'update#53feeaee-6c9b-4f3c-8602-b4d5ea46e22e', 'Redis', 6, '2023-03-28 21:04:24.964133');
INSERT INTO public.log_streams (account_id, log_id, comment, state, created_at) VALUES ('3cf17266-3473-4006-984f-9325122678b7', 'chatconversation#69b1b7e4-bc74-415d-9098-a2e60813c18d', 'Redis', 6, '2023-03-29 16:59:46.598725');
INSERT INTO public.log_streams (account_id, log_id, comment, state, created_at) VALUES ('3cf17266-3473-4006-984f-9325122678b7', 'create#a169ea9b-644d-4273-971b-5de66b05fbea', 'Redis', 6, '2023-03-26 22:27:14.300013');
INSERT INTO public.log_streams (account_id, log_id, comment, state, created_at) VALUES ('3cf17266-3473-4006-984f-9325122678b7', 'create#6625e47c-9f6e-4cef-8b08-e1be6ace3665', 'Redis', 6, '2023-03-26 22:27:14.479985');
INSERT INTO public.log_streams (account_id, log_id, comment, state, created_at) VALUES ('3cf17266-3473-4006-984f-9325122678b7', 'chatconversation#9731a3e6-f5fe-4c1a-b344-009d5f2a1880', 'Redis', 6, '2023-03-29 16:59:48.206682');
INSERT INTO public.log_streams (account_id, log_id, comment, state, created_at) VALUES ('3cf17266-3473-4006-984f-9325122678b7', 'create#fdca64f0-f31c-4c10-8ec3-ef574c723a03', 'Who', 4, '2023-03-26 22:27:09.517989');
INSERT INTO public.log_streams (account_id, log_id, comment, state, created_at) VALUES ('3cf17266-3473-4006-984f-9325122678b7', 'update#80678605-7a00-4d3b-9c24-362b3f589b61', 'Redis', 6, '2023-03-29 18:39:11.505074');
INSERT INTO public.log_streams (account_id, log_id, comment, state, created_at) VALUES ('3cf17266-3473-4006-984f-9325122678b7', 'chatconversation#29b97687-a614-4041-a3cb-6ff2f7244491', 'Redis', 6, '2023-03-29 16:59:49.841319');
INSERT INTO public.log_streams (account_id, log_id, comment, state, created_at) VALUES ('3cf17266-3473-4006-984f-9325122678b7', 'create#658f12d0-21cb-4184-86e5-86f58729fad7', 'Redis', 6, '2023-03-26 22:27:14.324037');
INSERT INTO public.log_streams (account_id, log_id, comment, state, created_at) VALUES ('3cf17266-3473-4006-984f-9325122678b7', 'chatconversation#32fd81a2-81ad-4ce0-83b7-c46fb0f44908', 'Redis', 6, '2023-03-29 16:59:51.75927');
INSERT INTO public.log_streams (account_id, log_id, comment, state, created_at) VALUES ('3cf17266-3473-4006-984f-9325122678b7', 'create#f3f2a331-fa83-4877-863c-fbe1e2be530f', 'Redis', 6, '2023-03-26 22:27:14.502628');
INSERT INTO public.log_streams (account_id, log_id, comment, state, created_at) VALUES ('3cf17266-3473-4006-984f-9325122678b7', 'create#787db47d-c9ea-483b-ab70-614cf98df427', 'Redis', 6, '2023-03-26 22:27:14.173264');
INSERT INTO public.log_streams (account_id, log_id, comment, state, created_at) VALUES ('3cf17266-3473-4006-984f-9325122678b7', 'create#39df0374-2518-43d0-a8c2-a99d2b14331c', 'Redis', 6, '2023-03-26 22:27:14.349798');
INSERT INTO public.log_streams (account_id, log_id, comment, state, created_at) VALUES ('3cf17266-3473-4006-984f-9325122678b7', 'create#ddbeb1f5-aac5-4fb3-9349-314db8df4ab2', 'Redis', 6, '2023-03-26 22:27:14.211901');
INSERT INTO public.log_streams (account_id, log_id, comment, state, created_at) VALUES ('3cf17266-3473-4006-984f-9325122678b7', 'create#da99f4a0-f62f-421b-b1c5-fc0404cd399b', 'Redis', 6, '2023-03-29 17:08:19.832762');
INSERT INTO public.log_streams (account_id, log_id, comment, state, created_at) VALUES ('3cf17266-3473-4006-984f-9325122678b7', 'chatconversation#c7c48263-add3-41ab-91e5-0d2d30afb701', 'Redis', 6, '2023-03-29 17:18:16.085411');
INSERT INTO public.log_streams (account_id, log_id, comment, state, created_at) VALUES ('3cf17266-3473-4006-984f-9325122678b7', 'create#0641bf70-dab9-44a1-980a-c2c4d4916384', 'Redis', 6, '2023-03-26 22:27:14.369009');
INSERT INTO public.log_streams (account_id, log_id, comment, state, created_at) VALUES ('3cf17266-3473-4006-984f-9325122678b7', 'create#8c88ec65-21a3-46f8-9059-73c409aea289', 'Redis', 6, '2023-03-26 22:27:14.522676');
INSERT INTO public.log_streams (account_id, log_id, comment, state, created_at) VALUES ('3cf17266-3473-4006-984f-9325122678b7', 'chatconversation#6afb09e7-594a-481c-bfc0-b418d19c6c98', 'Redis', 6, '2023-03-29 17:18:17.984188');
INSERT INTO public.log_streams (account_id, log_id, comment, state, created_at) VALUES ('3cf17266-3473-4006-984f-9325122678b7', 'create#65078e7c-6723-4d76-bb7f-301685ab16b7', 'Redis', 6, '2023-03-29 18:56:36.077393');
INSERT INTO public.log_streams (account_id, log_id, comment, state, created_at) VALUES ('3cf17266-3473-4006-984f-9325122678b7', 'create#90babd4a-cf9c-4cf3-a811-c74bc80d7dbb', 'Redis', 6, '2023-03-26 22:27:14.392351');
INSERT INTO public.log_streams (account_id, log_id, comment, state, created_at) VALUES ('3cf17266-3473-4006-984f-9325122678b7', 'update#9c31cc95-7170-49c3-9eb2-1cb5d261676b', 'Redis', 6, '2023-03-29 18:56:36.035124');
INSERT INTO public.log_streams (account_id, log_id, comment, state, created_at) VALUES ('3cf17266-3473-4006-984f-9325122678b7', 'create#d266bbcb-9b0c-472d-add3-be1595186c80', 'Redis', 6, '2023-03-26 22:27:14.54249');
INSERT INTO public.log_streams (account_id, log_id, comment, state, created_at) VALUES ('3cf17266-3473-4006-984f-9325122678b7', 'create#888acab6-3915-4e11-8ff1-34c657a789ac', 'Redis', 6, '2023-03-26 22:27:14.413743');
INSERT INTO public.log_streams (account_id, log_id, comment, state, created_at) VALUES ('3cf17266-3473-4006-984f-9325122678b7', 'create#32690829-798a-40d4-90ce-10879106da6e', 'Redis', 6, '2023-03-26 22:27:14.591481');


--
-- Data for Name: relationships; Type: TABLE DATA; Schema: public; Owner: postgres
--

INSERT INTO public.relationships (relationship_id, parent_rel_id, account_id, src_entity_id, dst_entity_id, field_id, type, "position") VALUES ('7e145b12-98f2-4bc6-93eb-89d5ede3043a', '', '3cf17266-3473-4006-984f-9325122678b7', 'deb92374-55c1-4e43-9628-2230fa245f10', 'd8e8ee53-5fdd-4efb-8e4a-1c9aa7bfb168', 'ddf426af-b0eb-4571-a39c-6e690aea6e8f', 0, 1);
INSERT INTO public.relationships (relationship_id, parent_rel_id, account_id, src_entity_id, dst_entity_id, field_id, type, "position") VALUES ('7e145b12-98f2-4bc6-93eb-89d5ede3043a', '', '3cf17266-3473-4006-984f-9325122678b7', 'd8e8ee53-5fdd-4efb-8e4a-1c9aa7bfb168', 'deb92374-55c1-4e43-9628-2230fa245f10', 'ddf426af-b0eb-4571-a39c-6e690aea6e8f', 0, 1);
INSERT INTO public.relationships (relationship_id, parent_rel_id, account_id, src_entity_id, dst_entity_id, field_id, type, "position") VALUES ('e1c18982-35b4-48a6-8878-7dd166eaf077', '7e145b12-98f2-4bc6-93eb-89d5ede3043a', '3cf17266-3473-4006-984f-9325122678b7', 'deb92374-55c1-4e43-9628-2230fa245f10', 'd8e8ee53-5fdd-4efb-8e4a-1c9aa7bfb168', '6ff280cd-7df8-4285-b9e0-b0db8aba7ee5', 0, 2);
INSERT INTO public.relationships (relationship_id, parent_rel_id, account_id, src_entity_id, dst_entity_id, field_id, type, "position") VALUES ('e1c18982-35b4-48a6-8878-7dd166eaf077', '7e145b12-98f2-4bc6-93eb-89d5ede3043a', '3cf17266-3473-4006-984f-9325122678b7', 'd8e8ee53-5fdd-4efb-8e4a-1c9aa7bfb168', 'deb92374-55c1-4e43-9628-2230fa245f10', '6ff280cd-7df8-4285-b9e0-b0db8aba7ee5', 0, 2);
INSERT INTO public.relationships (relationship_id, parent_rel_id, account_id, src_entity_id, dst_entity_id, field_id, type, "position") VALUES ('140fb9fd-d6df-4b93-8886-76a38b5c8228', '', '3cf17266-3473-4006-984f-9325122678b7', '6ca67fe2-4946-41dd-b538-73ccb0bbf256', 'd8e8ee53-5fdd-4efb-8e4a-1c9aa7bfb168', '139628b6-151c-4a74-a8ac-22875dc2239e', 0, 1);
INSERT INTO public.relationships (relationship_id, parent_rel_id, account_id, src_entity_id, dst_entity_id, field_id, type, "position") VALUES ('140fb9fd-d6df-4b93-8886-76a38b5c8228', '', '3cf17266-3473-4006-984f-9325122678b7', 'd8e8ee53-5fdd-4efb-8e4a-1c9aa7bfb168', '6ca67fe2-4946-41dd-b538-73ccb0bbf256', '139628b6-151c-4a74-a8ac-22875dc2239e', 0, 1);
INSERT INTO public.relationships (relationship_id, parent_rel_id, account_id, src_entity_id, dst_entity_id, field_id, type, "position") VALUES ('3f3adaed-dd15-4d51-8cb7-1efc992803ca', '', '3cf17266-3473-4006-984f-9325122678b7', '6a1ef06f-9aeb-4a9b-a45b-e7faa9d72a5d', 'd8e8ee53-5fdd-4efb-8e4a-1c9aa7bfb168', '9cb9be8c-562d-4b66-a1e0-d02b20bed58b', 0, 1);
INSERT INTO public.relationships (relationship_id, parent_rel_id, account_id, src_entity_id, dst_entity_id, field_id, type, "position") VALUES ('3f3adaed-dd15-4d51-8cb7-1efc992803ca', '', '3cf17266-3473-4006-984f-9325122678b7', 'd8e8ee53-5fdd-4efb-8e4a-1c9aa7bfb168', '6a1ef06f-9aeb-4a9b-a45b-e7faa9d72a5d', '9cb9be8c-562d-4b66-a1e0-d02b20bed58b', 0, 1);
INSERT INTO public.relationships (relationship_id, parent_rel_id, account_id, src_entity_id, dst_entity_id, field_id, type, "position") VALUES ('fe64b7a4-39c2-4ab5-90c6-95727a67a6cd', '', '3cf17266-3473-4006-984f-9325122678b7', 'b1da1c69-e925-4118-9328-d059778e38d5', '6ca67fe2-4946-41dd-b538-73ccb0bbf256', 'efab1334-1af1-4989-8908-0e1192aac923', 0, 1);
INSERT INTO public.relationships (relationship_id, parent_rel_id, account_id, src_entity_id, dst_entity_id, field_id, type, "position") VALUES ('fe64b7a4-39c2-4ab5-90c6-95727a67a6cd', '', '3cf17266-3473-4006-984f-9325122678b7', '6ca67fe2-4946-41dd-b538-73ccb0bbf256', 'b1da1c69-e925-4118-9328-d059778e38d5', 'efab1334-1af1-4989-8908-0e1192aac923', 0, 1);
INSERT INTO public.relationships (relationship_id, parent_rel_id, account_id, src_entity_id, dst_entity_id, field_id, type, "position") VALUES ('ec27231c-cda6-4bf4-9a25-9178c44aea99', '', '3cf17266-3473-4006-984f-9325122678b7', 'd709fe09-7c42-42b6-b87b-93fb6506b635', 'd8e8ee53-5fdd-4efb-8e4a-1c9aa7bfb168', '821edf32-a0f3-4ec2-9804-c0ae16b48c13', 0, 1);
INSERT INTO public.relationships (relationship_id, parent_rel_id, account_id, src_entity_id, dst_entity_id, field_id, type, "position") VALUES ('ec27231c-cda6-4bf4-9a25-9178c44aea99', '', '3cf17266-3473-4006-984f-9325122678b7', 'd8e8ee53-5fdd-4efb-8e4a-1c9aa7bfb168', 'd709fe09-7c42-42b6-b87b-93fb6506b635', '821edf32-a0f3-4ec2-9804-c0ae16b48c13', 0, 1);
INSERT INTO public.relationships (relationship_id, parent_rel_id, account_id, src_entity_id, dst_entity_id, field_id, type, "position") VALUES ('4138cf18-69c2-43c7-a455-b918e664ff93', '', '3cf17266-3473-4006-984f-9325122678b7', '69d2af4e-61a5-4239-988c-d5e1bd7bc4e7', 'd8e8ee53-5fdd-4efb-8e4a-1c9aa7bfb168', 'd2773caf-d7b6-4c24-9c11-6af77fb1e46a', 0, 1);
INSERT INTO public.relationships (relationship_id, parent_rel_id, account_id, src_entity_id, dst_entity_id, field_id, type, "position") VALUES ('4138cf18-69c2-43c7-a455-b918e664ff93', '', '3cf17266-3473-4006-984f-9325122678b7', 'd8e8ee53-5fdd-4efb-8e4a-1c9aa7bfb168', '69d2af4e-61a5-4239-988c-d5e1bd7bc4e7', 'd2773caf-d7b6-4c24-9c11-6af77fb1e46a', 0, 1);
INSERT INTO public.relationships (relationship_id, parent_rel_id, account_id, src_entity_id, dst_entity_id, field_id, type, "position") VALUES ('f826de35-334f-4672-9ab6-04d228a07dbe', '4138cf18-69c2-43c7-a455-b918e664ff93', '3cf17266-3473-4006-984f-9325122678b7', '69d2af4e-61a5-4239-988c-d5e1bd7bc4e7', '219b5106-f25a-48d7-87d9-ffde2422ce7c', '361d1ec0-bd94-4811-9ab4-56699407c965', 1, 2);
INSERT INTO public.relationships (relationship_id, parent_rel_id, account_id, src_entity_id, dst_entity_id, field_id, type, "position") VALUES ('f41cae64-92e2-4a56-8c97-bdc9600e130d', 'f826de35-334f-4672-9ab6-04d228a07dbe', '3cf17266-3473-4006-984f-9325122678b7', '69d2af4e-61a5-4239-988c-d5e1bd7bc4e7', '48055413-4df7-44a0-a3d8-f3d6a191f79c', '70f0b37b-3278-4b58-844a-5376cb642afc', 1, 3);
INSERT INTO public.relationships (relationship_id, parent_rel_id, account_id, src_entity_id, dst_entity_id, field_id, type, "position") VALUES ('5b3103ef-f358-4f74-9d1b-4c03f9221925', 'f41cae64-92e2-4a56-8c97-bdc9600e130d', '3cf17266-3473-4006-984f-9325122678b7', '69d2af4e-61a5-4239-988c-d5e1bd7bc4e7', '147d8920-bb7b-461b-b43e-dd63521d5c94', '44836b14-1af8-4849-b989-3139958bd510', 1, 4);
INSERT INTO public.relationships (relationship_id, parent_rel_id, account_id, src_entity_id, dst_entity_id, field_id, type, "position") VALUES ('178d7bde-fa5a-42b2-be98-b6682395c5f4', '5b3103ef-f358-4f74-9d1b-4c03f9221925', '3cf17266-3473-4006-984f-9325122678b7', '69d2af4e-61a5-4239-988c-d5e1bd7bc4e7', 'b200a7da-c188-447f-b90e-8237835cf56e', '69694b14-c7e4-44c7-9757-b472f259f245', 1, 5);
INSERT INTO public.relationships (relationship_id, parent_rel_id, account_id, src_entity_id, dst_entity_id, field_id, type, "position") VALUES ('3e4db8ed-a1f9-45db-b992-3b4d6b910b6f', '178d7bde-fa5a-42b2-be98-b6682395c5f4', '3cf17266-3473-4006-984f-9325122678b7', '69d2af4e-61a5-4239-988c-d5e1bd7bc4e7', '71e90e85-4b09-44bf-b0f1-8b1cdfadc098', '702b1588-41fd-4d0f-902e-4bfa6993e8f9', 1, 6);
INSERT INTO public.relationships (relationship_id, parent_rel_id, account_id, src_entity_id, dst_entity_id, field_id, type, "position") VALUES ('217cfd91-aad1-4b17-b797-23420622b751', '3e4db8ed-a1f9-45db-b992-3b4d6b910b6f', '3cf17266-3473-4006-984f-9325122678b7', '69d2af4e-61a5-4239-988c-d5e1bd7bc4e7', 'd8e8ee53-5fdd-4efb-8e4a-1c9aa7bfb168', '6da1c4cb-bda5-4be2-a9af-013c909daf98', 1, 7);
INSERT INTO public.relationships (relationship_id, parent_rel_id, account_id, src_entity_id, dst_entity_id, field_id, type, "position") VALUES ('2ecc68ba-c2e2-4895-ab72-a5fb8fd2d03e', '', '3cf17266-3473-4006-984f-9325122678b7', 'cb54a58a-fb29-4f22-9cbc-bf124ea251c3', 'd8e8ee53-5fdd-4efb-8e4a-1c9aa7bfb168', 'fc61af59-15b3-48fe-99f4-1e48a2206e8e', 1, 1);
INSERT INTO public.relationships (relationship_id, parent_rel_id, account_id, src_entity_id, dst_entity_id, field_id, type, "position") VALUES ('232e5f6d-22a9-4fe4-b22d-593233ff2bf1', '2ecc68ba-c2e2-4895-ab72-a5fb8fd2d03e', '3cf17266-3473-4006-984f-9325122678b7', 'cb54a58a-fb29-4f22-9cbc-bf124ea251c3', '219b5106-f25a-48d7-87d9-ffde2422ce7c', 'e5aa9d8e-7eed-4f7e-a12e-0e5a508724af', 1, 2);
INSERT INTO public.relationships (relationship_id, parent_rel_id, account_id, src_entity_id, dst_entity_id, field_id, type, "position") VALUES ('641bfbe0-875d-48c6-927f-f35c3397df33', '232e5f6d-22a9-4fe4-b22d-593233ff2bf1', '3cf17266-3473-4006-984f-9325122678b7', 'cb54a58a-fb29-4f22-9cbc-bf124ea251c3', '48055413-4df7-44a0-a3d8-f3d6a191f79c', '9d697d50-c4f2-4063-a842-c56faa5219bd', 1, 3);
INSERT INTO public.relationships (relationship_id, parent_rel_id, account_id, src_entity_id, dst_entity_id, field_id, type, "position") VALUES ('c1a5d3fd-04f7-484c-9f64-cb53a6a992a5', '641bfbe0-875d-48c6-927f-f35c3397df33', '3cf17266-3473-4006-984f-9325122678b7', 'cb54a58a-fb29-4f22-9cbc-bf124ea251c3', '888b45ed-fa87-4dc6-819b-2ed6d6311c3e', '614ee95d-817e-4849-b221-7807e3a3c367', 1, 4);
INSERT INTO public.relationships (relationship_id, parent_rel_id, account_id, src_entity_id, dst_entity_id, field_id, type, "position") VALUES ('22df1624-eeec-45d1-9adc-25ef16950ef2', 'c1a5d3fd-04f7-484c-9f64-cb53a6a992a5', '3cf17266-3473-4006-984f-9325122678b7', 'cb54a58a-fb29-4f22-9cbc-bf124ea251c3', '147d8920-bb7b-461b-b43e-dd63521d5c94', '20e3a342-ba6b-4e19-a1cb-908f7bef9679', 1, 5);
INSERT INTO public.relationships (relationship_id, parent_rel_id, account_id, src_entity_id, dst_entity_id, field_id, type, "position") VALUES ('a019e7fa-7849-42bd-a4f5-a4555ae69ba0', '22df1624-eeec-45d1-9adc-25ef16950ef2', '3cf17266-3473-4006-984f-9325122678b7', 'cb54a58a-fb29-4f22-9cbc-bf124ea251c3', 'b200a7da-c188-447f-b90e-8237835cf56e', 'b8c4d7a1-b25c-4abc-ac1e-900a02cc2163', 1, 6);
INSERT INTO public.relationships (relationship_id, parent_rel_id, account_id, src_entity_id, dst_entity_id, field_id, type, "position") VALUES ('ae95d7cc-8700-478b-8712-c6324a5f68c4', 'a019e7fa-7849-42bd-a4f5-a4555ae69ba0', '3cf17266-3473-4006-984f-9325122678b7', 'cb54a58a-fb29-4f22-9cbc-bf124ea251c3', '71e90e85-4b09-44bf-b0f1-8b1cdfadc098', '4369b881-9265-4432-a229-c0855bd1c47c', 1, 7);
INSERT INTO public.relationships (relationship_id, parent_rel_id, account_id, src_entity_id, dst_entity_id, field_id, type, "position") VALUES ('b4fdc155-19f8-417c-b25c-163601cca13b', '', '3cf17266-3473-4006-984f-9325122678b7', '24bb855d-7464-4c60-90ee-5d6eab84b9c3', 'b200a7da-c188-447f-b90e-8237835cf56e', 'eddd6054-a53b-40cc-b395-ccb4b76cc182', 1, 1);
INSERT INTO public.relationships (relationship_id, parent_rel_id, account_id, src_entity_id, dst_entity_id, field_id, type, "position") VALUES ('9c2bf85e-0411-4955-a3c6-52c55569eae4', 'b4fdc155-19f8-417c-b25c-163601cca13b', '3cf17266-3473-4006-984f-9325122678b7', '24bb855d-7464-4c60-90ee-5d6eab84b9c3', '71e90e85-4b09-44bf-b0f1-8b1cdfadc098', 'ca6a50bc-c129-4184-99ad-1a7f6a023890', 1, 2);
INSERT INTO public.relationships (relationship_id, parent_rel_id, account_id, src_entity_id, dst_entity_id, field_id, type, "position") VALUES ('11bbb004-9097-46e5-a76c-c8d4742c50d7', '9c2bf85e-0411-4955-a3c6-52c55569eae4', '3cf17266-3473-4006-984f-9325122678b7', '24bb855d-7464-4c60-90ee-5d6eab84b9c3', 'd8e8ee53-5fdd-4efb-8e4a-1c9aa7bfb168', '2ca17665-04c0-480b-abf1-36e441f7a774', 1, 3);
INSERT INTO public.relationships (relationship_id, parent_rel_id, account_id, src_entity_id, dst_entity_id, field_id, type, "position") VALUES ('821b594f-c596-4010-80fd-88b1769d0dfe', '11bbb004-9097-46e5-a76c-c8d4742c50d7', '3cf17266-3473-4006-984f-9325122678b7', '24bb855d-7464-4c60-90ee-5d6eab84b9c3', '219b5106-f25a-48d7-87d9-ffde2422ce7c', '54d2eab4-6cb5-4de2-a07c-92b61d7e037a', 1, 4);
INSERT INTO public.relationships (relationship_id, parent_rel_id, account_id, src_entity_id, dst_entity_id, field_id, type, "position") VALUES ('9ac80893-4718-4533-bd1f-6b43a6d5125a', '821b594f-c596-4010-80fd-88b1769d0dfe', '3cf17266-3473-4006-984f-9325122678b7', '24bb855d-7464-4c60-90ee-5d6eab84b9c3', '48055413-4df7-44a0-a3d8-f3d6a191f79c', 'a87848d8-842c-4121-9e54-f774a71b2c25', 1, 5);
INSERT INTO public.relationships (relationship_id, parent_rel_id, account_id, src_entity_id, dst_entity_id, field_id, type, "position") VALUES ('5cfc1cd1-d9fb-4460-8567-441157985c09', '9ac80893-4718-4533-bd1f-6b43a6d5125a', '3cf17266-3473-4006-984f-9325122678b7', '24bb855d-7464-4c60-90ee-5d6eab84b9c3', '888b45ed-fa87-4dc6-819b-2ed6d6311c3e', 'bd473fce-8a59-4384-aa88-932360089cd0', 1, 6);
INSERT INTO public.relationships (relationship_id, parent_rel_id, account_id, src_entity_id, dst_entity_id, field_id, type, "position") VALUES ('7f31f3f7-47ea-465f-a210-8f1e62e73562', '5cfc1cd1-d9fb-4460-8567-441157985c09', '3cf17266-3473-4006-984f-9325122678b7', '24bb855d-7464-4c60-90ee-5d6eab84b9c3', '147d8920-bb7b-461b-b43e-dd63521d5c94', 'e4f13b8e-bc8e-4f14-978a-1499e81edaad', 1, 7);
INSERT INTO public.relationships (relationship_id, parent_rel_id, account_id, src_entity_id, dst_entity_id, field_id, type, "position") VALUES ('b5359823-7777-4bfd-b732-16101112d462', '', '3cf17266-3473-4006-984f-9325122678b7', '753191f4-d154-4de5-b0c1-cb9e0537a597', '888b45ed-fa87-4dc6-819b-2ed6d6311c3e', 'e530cb97-e176-44f7-9f3a-1a5170f345df', 1, 1);
INSERT INTO public.relationships (relationship_id, parent_rel_id, account_id, src_entity_id, dst_entity_id, field_id, type, "position") VALUES ('18be7417-bab4-4ee3-9bda-86b7617444c5', 'b5359823-7777-4bfd-b732-16101112d462', '3cf17266-3473-4006-984f-9325122678b7', '753191f4-d154-4de5-b0c1-cb9e0537a597', 'd8e8ee53-5fdd-4efb-8e4a-1c9aa7bfb168', '72cdb97f-26a8-4753-884d-1151ee681a66', 1, 2);
INSERT INTO public.relationships (relationship_id, parent_rel_id, account_id, src_entity_id, dst_entity_id, field_id, type, "position") VALUES ('09547865-235e-4275-89f4-f81d358b036f', '', '3cf17266-3473-4006-984f-9325122678b7', '704ce43e-acc6-426e-8868-ca010c61c05e', 'ce2ab1c1-2bae-4bfa-a845-e4c47898d999', '95678562-411c-48ac-865c-d4a5238c3007', 1, 1);
INSERT INTO public.relationships (relationship_id, parent_rel_id, account_id, src_entity_id, dst_entity_id, field_id, type, "position") VALUES ('0ca69d85-faba-4542-9d7a-45b19d8071a5', '09547865-235e-4275-89f4-f81d358b036f', '3cf17266-3473-4006-984f-9325122678b7', '704ce43e-acc6-426e-8868-ca010c61c05e', 'd8e8ee53-5fdd-4efb-8e4a-1c9aa7bfb168', '35a74d99-700f-4da3-bc4d-3bd899c3f1d2', 0, 2);
INSERT INTO public.relationships (relationship_id, parent_rel_id, account_id, src_entity_id, dst_entity_id, field_id, type, "position") VALUES ('0ca69d85-faba-4542-9d7a-45b19d8071a5', '09547865-235e-4275-89f4-f81d358b036f', '3cf17266-3473-4006-984f-9325122678b7', 'd8e8ee53-5fdd-4efb-8e4a-1c9aa7bfb168', '704ce43e-acc6-426e-8868-ca010c61c05e', '35a74d99-700f-4da3-bc4d-3bd899c3f1d2', 0, 2);
INSERT INTO public.relationships (relationship_id, parent_rel_id, account_id, src_entity_id, dst_entity_id, field_id, type, "position") VALUES ('3d5b8af7-db68-4a46-83a8-3434feb2cb54', NULL, '3cf17266-3473-4006-984f-9325122678b7', '753191f4-d154-4de5-b0c1-cb9e0537a597', '704ce43e-acc6-426e-8868-ca010c61c05e', '00000000-0000-0000-0000-000000000000', 0, 1679869634585424000);
INSERT INTO public.relationships (relationship_id, parent_rel_id, account_id, src_entity_id, dst_entity_id, field_id, type, "position") VALUES ('3d5b8af7-db68-4a46-83a8-3434feb2cb54', NULL, '3cf17266-3473-4006-984f-9325122678b7', '704ce43e-acc6-426e-8868-ca010c61c05e', '753191f4-d154-4de5-b0c1-cb9e0537a597', '00000000-0000-0000-0000-000000000000', 0, 1679869634585424000);
INSERT INTO public.relationships (relationship_id, parent_rel_id, account_id, src_entity_id, dst_entity_id, field_id, type, "position") VALUES ('5c100d41-dc5d-4ce0-854b-697f4eac699a', NULL, '3cf17266-3473-4006-984f-9325122678b7', '69d2af4e-61a5-4239-988c-d5e1bd7bc4e7', '753191f4-d154-4de5-b0c1-cb9e0537a597', '00000000-0000-0000-0000-000000000000', 0, 1679869634586389000);
INSERT INTO public.relationships (relationship_id, parent_rel_id, account_id, src_entity_id, dst_entity_id, field_id, type, "position") VALUES ('5c100d41-dc5d-4ce0-854b-697f4eac699a', NULL, '3cf17266-3473-4006-984f-9325122678b7', '753191f4-d154-4de5-b0c1-cb9e0537a597', '69d2af4e-61a5-4239-988c-d5e1bd7bc4e7', '00000000-0000-0000-0000-000000000000', 0, 1679869634586389000);
INSERT INTO public.relationships (relationship_id, parent_rel_id, account_id, src_entity_id, dst_entity_id, field_id, type, "position") VALUES ('71e041b3-778a-47b2-aa64-73ba297ffd18', NULL, '3cf17266-3473-4006-984f-9325122678b7', 'cb54a58a-fb29-4f22-9cbc-bf124ea251c3', '753191f4-d154-4de5-b0c1-cb9e0537a597', '00000000-0000-0000-0000-000000000000', 0, 1679869634587412000);
INSERT INTO public.relationships (relationship_id, parent_rel_id, account_id, src_entity_id, dst_entity_id, field_id, type, "position") VALUES ('71e041b3-778a-47b2-aa64-73ba297ffd18', NULL, '3cf17266-3473-4006-984f-9325122678b7', '753191f4-d154-4de5-b0c1-cb9e0537a597', 'cb54a58a-fb29-4f22-9cbc-bf124ea251c3', '00000000-0000-0000-0000-000000000000', 0, 1679869634587412000);
INSERT INTO public.relationships (relationship_id, parent_rel_id, account_id, src_entity_id, dst_entity_id, field_id, type, "position") VALUES ('9b4ada99-7369-4ee0-9866-6f3bc69b3819', NULL, '3cf17266-3473-4006-984f-9325122678b7', '24bb855d-7464-4c60-90ee-5d6eab84b9c3', '753191f4-d154-4de5-b0c1-cb9e0537a597', '00000000-0000-0000-0000-000000000000', 0, 1679869634588261000);
INSERT INTO public.relationships (relationship_id, parent_rel_id, account_id, src_entity_id, dst_entity_id, field_id, type, "position") VALUES ('9b4ada99-7369-4ee0-9866-6f3bc69b3819', NULL, '3cf17266-3473-4006-984f-9325122678b7', '753191f4-d154-4de5-b0c1-cb9e0537a597', '24bb855d-7464-4c60-90ee-5d6eab84b9c3', '00000000-0000-0000-0000-000000000000', 0, 1679869634588261000);
INSERT INTO public.relationships (relationship_id, parent_rel_id, account_id, src_entity_id, dst_entity_id, field_id, type, "position") VALUES ('493653b4-5dcb-4c66-b9d6-92ce8f79c941', NULL, '3cf17266-3473-4006-984f-9325122678b7', '69d2af4e-61a5-4239-988c-d5e1bd7bc4e7', 'd709fe09-7c42-42b6-b87b-93fb6506b635', '00000000-0000-0000-0000-000000000000', 0, 1679869634588967000);
INSERT INTO public.relationships (relationship_id, parent_rel_id, account_id, src_entity_id, dst_entity_id, field_id, type, "position") VALUES ('493653b4-5dcb-4c66-b9d6-92ce8f79c941', NULL, '3cf17266-3473-4006-984f-9325122678b7', 'd709fe09-7c42-42b6-b87b-93fb6506b635', '69d2af4e-61a5-4239-988c-d5e1bd7bc4e7', '00000000-0000-0000-0000-000000000000', 0, 1679869634588967000);
INSERT INTO public.relationships (relationship_id, parent_rel_id, account_id, src_entity_id, dst_entity_id, field_id, type, "position") VALUES ('40e78c5b-0353-4506-9647-ca973e1c0d0c', NULL, '3cf17266-3473-4006-984f-9325122678b7', 'cb54a58a-fb29-4f22-9cbc-bf124ea251c3', 'd709fe09-7c42-42b6-b87b-93fb6506b635', '00000000-0000-0000-0000-000000000000', 0, 1679869634589621000);
INSERT INTO public.relationships (relationship_id, parent_rel_id, account_id, src_entity_id, dst_entity_id, field_id, type, "position") VALUES ('40e78c5b-0353-4506-9647-ca973e1c0d0c', NULL, '3cf17266-3473-4006-984f-9325122678b7', 'd709fe09-7c42-42b6-b87b-93fb6506b635', 'cb54a58a-fb29-4f22-9cbc-bf124ea251c3', '00000000-0000-0000-0000-000000000000', 0, 1679869634589621000);
INSERT INTO public.relationships (relationship_id, parent_rel_id, account_id, src_entity_id, dst_entity_id, field_id, type, "position") VALUES ('a7b227bb-8a9c-43bd-943a-6babd5d4cfbd', NULL, '3cf17266-3473-4006-984f-9325122678b7', '24bb855d-7464-4c60-90ee-5d6eab84b9c3', 'd709fe09-7c42-42b6-b87b-93fb6506b635', '00000000-0000-0000-0000-000000000000', 0, 1679869634590293000);
INSERT INTO public.relationships (relationship_id, parent_rel_id, account_id, src_entity_id, dst_entity_id, field_id, type, "position") VALUES ('a7b227bb-8a9c-43bd-943a-6babd5d4cfbd', NULL, '3cf17266-3473-4006-984f-9325122678b7', 'd709fe09-7c42-42b6-b87b-93fb6506b635', '24bb855d-7464-4c60-90ee-5d6eab84b9c3', '00000000-0000-0000-0000-000000000000', 0, 1679869634590293000);


--
-- Data for Name: timeseries; Type: TABLE DATA; Schema: public; Owner: postgres
--



--
-- Data for Name: tokens; Type: TABLE DATA; Schema: public; Owner: postgres
--

INSERT INTO public.tokens (token, account_id, type, state, scope, issued_at, expiry, created_at) VALUES ('eyJhbGciOiJSUzI1NiIsImtpZCI6IjEiLCJ0eXAiOiJKV1QifQ.eyJyb2xlcyI6W10sImV4cCI6MjI4NDY2OTYyOSwiaWF0IjoxNjc5ODY5NjI5LCJzdWIiOiIzY2YxNzI2Ni0zNDczLTQwMDYtOTg0Zi05MzI1MTIyNjc4YjcifQ.G-ATM9VAUt9T_Iv0GZedghhV3m4Jr7riOr-vNtLcee6vZZSWo-dEF__vr9zQI0CG7emAhQ_D6z3Egbqv3kabWfC3_OxkaRBHf5R5EIrpT96QCv9CbWp0cdb2R2s02FIDVyW7oqDUxASb7no6QYMYMSxKA57Wj4OiXZs3cN0SM4PLtLCHvSxUgeyF-aMOtvqQ_YQqVyD9Xasr-5RU47x4D9ZXIww5HQCinaqX7XqwjcEjXUMuBrxk6x6ZQBItaW47CfRpNJw8Ecv2D7fZq_MmvD8r6brqwiLuacuP4VFggbdmXKQQZelz-OJ8um64C6LolXPawqu7b-ovjFqNOZJlQA', '3cf17266-3473-4006-984f-9325122678b7', 0, 0, '{}', '2023-03-26 22:27:09.508969', '2042-05-25 22:27:09.508969', '2023-03-26 22:27:09.508969');


--
-- Data for Name: user_settings; Type: TABLE DATA; Schema: public; Owner: postgres
--

INSERT INTO public.user_settings (account_id, user_id, selected_team, selected_entity, selected_view, selected_order, selected_theme, layout_style, metab, notification_setting) VALUES ('3cf17266-3473-4006-984f-9325122678b7', '45b5fbd3-755f-4379-8f07-a58d4a30fa2f', '', '', '', '', 'light-theme-1', 'menu', '{}', '{"created": "true", "updated": "true", "assigned": "true", "email_subscription": "true"}');


--
-- Data for Name: visitors; Type: TABLE DATA; Schema: public; Owner: postgres
--



--
-- Name: darwin_migrations_id_seq; Type: SEQUENCE SET; Schema: public; Owner: postgres
--

SELECT pg_catalog.setval('public.darwin_migrations_id_seq', 1, true);


--
-- PostgreSQL database dump complete
--

