--
-- PostgreSQL database dump
--

-- Dumped from database version 9.5.19
-- Dumped by pg_dump version 9.5.19

SET statement_timeout = 0;
SET lock_timeout = 0;
SET client_encoding = 'UTF8';
SET standard_conforming_strings = on;
SELECT pg_catalog.set_config('search_path', '', false);
SET check_function_bodies = false;
SET xmloption = content;
SET client_min_messages = warning;
SET row_security = off;

--
-- Data for Name: accounts; Type: TABLE DATA; Schema: public; Owner: postgres
--

INSERT INTO public.accounts (account_id, parent_account_id, name, domain, avatar, plan, mode, timezone, language, country, issued_at, expiry, created_at, updated_at) VALUES ('3cf17266-3473-4006-984f-9325122678b7', NULL, 'Wayplot', 'wayplot.com', NULL, 0, 0, NULL, NULL, NULL, '2021-04-08 06:19:04.626493', '2021-04-08 06:19:04.626493', '2021-04-08 06:19:04.626493', 1617862744);


--
-- Data for Name: teams; Type: TABLE DATA; Schema: public; Owner: postgres
--

INSERT INTO public.teams (team_id, account_id, name, description, created_at, updated_at) VALUES ('3cf17266-3473-4006-984f-9325122678b7', '3cf17266-3473-4006-984f-9325122678b7', 'Base', '', '2021-04-08 06:19:04.630095', 1617862744);
INSERT INTO public.teams (team_id, account_id, name, description, created_at, updated_at) VALUES ('2f3c379d-60f6-4793-8928-3d2ccb852208', '3cf17266-3473-4006-984f-9325122678b7', 'CRM', '', '2021-04-08 06:19:09.377088', 1617862749);


--
-- Data for Name: entities; Type: TABLE DATA; Schema: public; Owner: postgres
--

INSERT INTO public.entities (entity_id, account_id, team_id, name, display_name, category, state, status, fieldsb, tags, created_at, updated_at) VALUES ('6a5b8d94-3b4a-494e-ac74-1293a5cb7613', '3cf17266-3473-4006-984f-9325122678b7', '2f3c379d-60f6-4793-8928-3d2ccb852208', 'companies', 'Companies', 1, 0, 0, '[{"key": "uuid-00-name", "meta": null, "name": "name", "field": null, "value": null, "ref_id": "", "choices": null, "dom_type": "TE", "ref_type": "", "action_id": "", "data_type": "S", "dependent": null, "display_name": "Name"}, {"key": "uuid-00-website", "meta": null, "name": "website", "field": null, "value": null, "ref_id": "", "choices": null, "dom_type": "TE", "ref_type": "", "action_id": "", "data_type": "S", "dependent": null, "display_name": "Domain"}, {"key": "uuid-00-city", "meta": null, "name": "city", "field": null, "value": null, "ref_id": "", "choices": null, "dom_type": "TE", "ref_type": "", "action_id": "", "data_type": "S", "dependent": null, "display_name": "City"}, {"key": "uuid-00-state", "meta": null, "name": "state", "field": null, "value": null, "ref_id": "", "choices": null, "dom_type": "TE", "ref_type": "", "action_id": "", "data_type": "S", "dependent": null, "display_name": "State"}, {"key": "uuid-00-owner", "meta": {"display_gex": "c4a3524b-3fe5-4f14-802b-1c3bee9de57e"}, "name": "owner", "field": {"key": "id", "meta": null, "name": "", "field": null, "value": "--", "ref_id": "", "choices": null, "dom_type": "", "ref_type": "", "action_id": "", "data_type": "S", "dependent": null, "display_name": ""}, "value": null, "ref_id": "28f67801-7ec9-4e75-ba9a-73dae54cfc17", "choices": null, "dom_type": "AC", "ref_type": "STRAIGHT", "action_id": "", "data_type": "R", "dependent": null, "display_name": "Company Owner"}, {"key": "uuid-00-revenue", "meta": null, "name": "revenue", "field": null, "value": null, "ref_id": "", "choices": null, "dom_type": "TE", "ref_type": "", "action_id": "", "data_type": "S", "dependent": null, "display_name": "Annual Revenue"}, {"key": "uuid-00-country", "meta": null, "name": "country", "field": null, "value": null, "ref_id": "", "choices": null, "dom_type": "TE", "ref_type": "", "action_id": "", "data_type": "S", "dependent": null, "display_name": "Country"}, {"key": "uuid-00-employees-count", "meta": null, "name": "employees_count", "field": null, "value": null, "ref_id": "", "choices": null, "dom_type": "TE", "ref_type": "", "action_id": "", "data_type": "S", "dependent": null, "display_name": "Employees Count"}]', NULL, '2021-04-08 06:19:09.419772', 1617862749);
INSERT INTO public.entities (entity_id, account_id, team_id, name, display_name, category, state, status, fieldsb, tags, created_at, updated_at) VALUES ('380d2264-d4d7-444a-9f7a-ebca216bc67e', '3cf17266-3473-4006-984f-9325122678b7', '2f3c379d-60f6-4793-8928-3d2ccb852208', 'contacts', 'Contacts', 1, 0, 0, '[{"key": "uuid-00-fname", "meta": {"layout": "title"}, "name": "first_name", "field": null, "value": null, "ref_id": "", "choices": null, "dom_type": "TE", "ref_type": "", "action_id": "", "data_type": "S", "dependent": null, "display_name": "First Name"}, {"key": "uuid-00-email", "meta": {"layout": "sub-title"}, "name": "email", "field": null, "value": null, "ref_id": "", "choices": null, "dom_type": "TE", "ref_type": "", "action_id": "", "data_type": "S", "dependent": null, "display_name": "Email"}, {"key": "uuid-00-mobile-numbers", "meta": null, "name": "mobile_numbers", "field": {"key": "", "meta": null, "name": "", "field": null, "value": null, "ref_id": "", "choices": null, "dom_type": "", "ref_type": "", "action_id": "", "data_type": "S", "dependent": null, "display_name": ""}, "value": null, "ref_id": "", "choices": null, "dom_type": "MS", "ref_type": "", "action_id": "", "data_type": "L", "dependent": null, "display_name": "Mobile Numbers"}, {"key": "uuid-00-nps-score", "meta": null, "name": "nps_score", "field": null, "value": null, "ref_id": "", "choices": null, "dom_type": "TE", "ref_type": "", "action_id": "", "data_type": "N", "dependent": null, "display_name": "NPS Score"}, {"key": "uuid-00-lf-stage", "meta": null, "name": "lifecycle_stage", "field": null, "value": null, "ref_id": "", "choices": [{"id": "1", "verb": null, "expression": "", "display_value": "Lead"}, {"id": "2", "verb": null, "expression": "", "display_value": "Contact"}], "dom_type": "SE", "ref_type": "", "action_id": "", "data_type": "L", "dependent": null, "display_name": "Lifecycle Stage"}, {"key": "uuid-00-status", "meta": {"verb": "uuid-00-verb", "display_gex": "uuid-00-name"}, "name": "status", "field": {"key": "id", "meta": null, "name": "", "field": null, "value": "--", "ref_id": "", "choices": null, "dom_type": "", "ref_type": "", "action_id": "", "data_type": "S", "dependent": null, "display_name": ""}, "value": null, "ref_id": "dfa4fa7c-4069-4db2-b4c1-5e16f57daa9f", "choices": null, "dom_type": "SE", "ref_type": "STRAIGHT", "action_id": "", "data_type": "R", "dependent": null, "display_name": "Status"}, {"key": "uuid-00-owner", "meta": {"display_gex": "c4a3524b-3fe5-4f14-802b-1c3bee9de57e"}, "name": "owner", "field": {"key": "id", "meta": null, "name": "", "field": null, "value": "--", "ref_id": "", "choices": null, "dom_type": "", "ref_type": "", "action_id": "", "data_type": "S", "dependent": null, "display_name": ""}, "value": null, "ref_id": "28f67801-7ec9-4e75-ba9a-73dae54cfc17", "choices": null, "dom_type": "AC", "ref_type": "STRAIGHT", "action_id": "", "data_type": "R", "dependent": null, "display_name": "Owner"}]', NULL, '2021-04-08 06:19:09.396234', 1617862749);
INSERT INTO public.entities (entity_id, account_id, team_id, name, display_name, category, state, status, fieldsb, tags, created_at, updated_at) VALUES ('90d019f3-a6d5-43b3-ae26-e9c253afda6e', '3cf17266-3473-4006-984f-9325122678b7', '2f3c379d-60f6-4793-8928-3d2ccb852208', 'hook', 'WebHook', 2, 0, 0, '[{"key": "uuid-00-path", "meta": null, "name": "path", "field": null, "value": "/actuator/info", "ref_id": "", "choices": null, "dom_type": "TE", "ref_type": "", "action_id": "", "data_type": "S", "dependent": null, "display_name": ""}, {"key": "uuid-00-host", "meta": null, "name": "host", "field": null, "value": "https://stage.freshcontacts.io", "ref_id": "", "choices": null, "dom_type": "TE", "ref_type": "", "action_id": "", "data_type": "S", "dependent": null, "display_name": ""}, {"key": "uuid-00-method", "meta": null, "name": "method", "field": null, "value": "GET", "ref_id": "", "choices": null, "dom_type": "TE", "ref_type": "", "action_id": "", "data_type": "S", "dependent": null, "display_name": ""}, {"key": "uuid-00-headers", "meta": null, "name": "headers", "field": null, "value": "{\"X-ClientToken\":\"mcr eyJhbGciOiJIUzI1NiIsInR5cCI6IkpXVCJ9.eyJleHAiOjExNTc2NTAwMjk2fQ.1KtXw_YgxbJW8ibv_v2hfpInjQKC6enCh9IO1ziV2RA\"}", "ref_id": "", "choices": null, "dom_type": "TE", "ref_type": "", "action_id": "", "data_type": "S", "dependent": null, "display_name": ""}]', NULL, '2021-04-08 06:19:09.423337', 1617862749);
INSERT INTO public.entities (entity_id, account_id, team_id, name, display_name, category, state, status, fieldsb, tags, created_at, updated_at) VALUES ('f021b5e9-a8bd-463d-94c4-25d76c18bd00', '3cf17266-3473-4006-984f-9325122678b7', '2f3c379d-60f6-4793-8928-3d2ccb852208', 'delay', 'Delay Timer', 7, 0, 0, '[{"key": "uuid-00-delay-by", "meta": null, "name": "delay_by", "field": null, "value": null, "ref_id": "", "choices": null, "dom_type": "TE", "ref_type": "", "action_id": "", "data_type": "T", "dependent": null, "display_name": ""}, {"key": "uuid-00-repeat", "meta": null, "name": "repeat", "field": null, "value": "true", "ref_id": "", "choices": null, "dom_type": "TE", "ref_type": "", "action_id": "", "data_type": "S", "dependent": null, "display_name": ""}]', NULL, '2021-04-08 06:19:09.424204', 1617862749);
INSERT INTO public.entities (entity_id, account_id, team_id, name, display_name, category, state, status, fieldsb, tags, created_at, updated_at) VALUES ('3b8d66dd-918b-489b-a9ff-136931fe826d', '3cf17266-3473-4006-984f-9325122678b7', '2f3c379d-60f6-4793-8928-3d2ccb852208', 'deals', 'Deals', 1, 0, 0, '[{"key": "uuid-00-deal-name", "meta": null, "name": "deal_name", "field": null, "value": null, "ref_id": "", "choices": null, "dom_type": "TE", "ref_type": "", "action_id": "", "data_type": "S", "dependent": null, "display_name": "Deal Name"}, {"key": "uuid-00-deal-amount", "meta": null, "name": "deal_amount", "field": null, "value": null, "ref_id": "", "choices": null, "dom_type": "TE", "ref_type": "", "action_id": "", "data_type": "N", "dependent": null, "display_name": "Deal Amount"}, {"key": "uuid-00-contacts", "meta": {"display_gex": "uuid-00-fname"}, "name": "contact", "field": {"key": "id", "meta": null, "name": "", "field": null, "value": "--", "ref_id": "", "choices": null, "dom_type": "", "ref_type": "", "action_id": "", "data_type": "S", "dependent": null, "display_name": ""}, "value": null, "ref_id": "380d2264-d4d7-444a-9f7a-ebca216bc67e", "choices": null, "dom_type": "MS", "ref_type": "", "action_id": "", "data_type": "R", "dependent": null, "display_name": "Associated Contacts"}, {"key": "uuid-00-company", "meta": {"display_gex": "uuid-00-name"}, "name": "company", "field": {"key": "id", "meta": null, "name": "", "field": null, "value": "--", "ref_id": "", "choices": null, "dom_type": "", "ref_type": "", "action_id": "", "data_type": "S", "dependent": null, "display_name": ""}, "value": null, "ref_id": "6a5b8d94-3b4a-494e-ac74-1293a5cb7613", "choices": null, "dom_type": "AC", "ref_type": "", "action_id": "", "data_type": "R", "dependent": null, "display_name": "Associated Companies"}, {"key": "uuid-00-pipe", "meta": {"flow": "true"}, "name": "pipeline", "field": {"key": "id", "meta": null, "name": "", "field": null, "value": "--", "ref_id": "", "choices": null, "dom_type": "", "ref_type": "", "action_id": "", "data_type": "S", "dependent": null, "display_name": ""}, "value": null, "ref_id": "b9de7abf-8ddc-41bb-8b2a-4e47b7b3e04c", "choices": null, "dom_type": "AC", "ref_type": "STRAIGHT", "action_id": "", "data_type": "R", "dependent": null, "display_name": "Pipeline"}, {"key": "uuid-00-pipe-stage", "meta": {"node": "true", "display_gex": "uuid-00-fname"}, "name": "pipeline_stage", "field": {"key": "uuid-00-pipe", "meta": null, "name": "", "field": null, "value": "--", "ref_id": "", "choices": null, "dom_type": "", "ref_type": "", "action_id": "", "data_type": "S", "dependent": null, "display_name": ""}, "value": null, "ref_id": "ab9dd4ed-7264-435f-b074-377aeca2fcc7", "choices": null, "dom_type": "SE", "ref_type": "STRAIGHT", "action_id": "", "data_type": "R", "dependent": {"parent_key": "uuid-00-pipe", "EvalutedValue": "", "reference_key": "flow_id"}, "display_name": "Pipeline Stage"}]', NULL, '2021-04-08 06:19:09.429445', 1617862749);
INSERT INTO public.entities (entity_id, account_id, team_id, name, display_name, category, state, status, fieldsb, tags, created_at, updated_at) VALUES ('eb06041e-8483-44bd-a5a2-6dd48651a1f2', '3cf17266-3473-4006-984f-9325122678b7', '2f3c379d-60f6-4793-8928-3d2ccb852208', 'tasks', 'Tasks', 9, 0, 0, '[{"key": "uuid-00-desc", "meta": null, "name": "desc", "field": null, "value": null, "ref_id": "", "choices": null, "dom_type": "TE", "ref_type": "", "action_id": "", "data_type": "S", "dependent": null, "display_name": "Notes"}, {"key": "uuid-00-contact", "meta": {"display_gex": "uuid-00-fname"}, "name": "contact", "field": {"key": "id", "meta": null, "name": "", "field": null, "value": "--", "ref_id": "", "choices": null, "dom_type": "", "ref_type": "", "action_id": "", "data_type": "S", "dependent": null, "display_name": ""}, "value": null, "ref_id": "380d2264-d4d7-444a-9f7a-ebca216bc67e", "choices": null, "dom_type": "AC", "ref_type": "", "action_id": "", "data_type": "R", "dependent": null, "display_name": "Associated To"}, {"key": "uuid-00-status", "meta": {"verb": "uuid-00-verb", "layout": "verb", "display_gex": "uuid-00-name", "load_choices": "true"}, "name": "status", "field": {"key": "id", "meta": null, "name": "", "field": null, "value": "--", "ref_id": "", "choices": null, "dom_type": "", "ref_type": "", "action_id": "", "data_type": "S", "dependent": null, "display_name": ""}, "value": null, "ref_id": "dfa4fa7c-4069-4db2-b4c1-5e16f57daa9f", "choices": [{"id": "422f39e6-361f-45b8-ab02-75b43a1815cf", "verb": null, "expression": "{{self.uuid-00-due-by}} af {now}", "display_value": null}, {"id": "bebc557d-2be7-468b-b287-d6d066dab2fc", "verb": null, "expression": "{{self.uuid-00-due-by}} bf {now}", "display_value": null}], "dom_type": "AS", "ref_type": "STRAIGHT", "action_id": "", "data_type": "R", "dependent": null, "display_name": "Status"}, {"key": "uuid-00-due-by", "meta": null, "name": "due_by", "field": null, "value": null, "ref_id": "", "choices": null, "dom_type": "TE", "ref_type": "", "action_id": "", "data_type": "T", "dependent": null, "display_name": "Due By"}, {"key": "uuid-00-deal", "meta": {"display_gex": "uuid-00-deal-name"}, "name": "deal", "field": {"key": "id", "meta": null, "name": "", "field": null, "value": "--", "ref_id": "", "choices": null, "dom_type": "", "ref_type": "", "action_id": "", "data_type": "S", "dependent": null, "display_name": ""}, "value": null, "ref_id": "3b8d66dd-918b-489b-a9ff-136931fe826d", "choices": null, "dom_type": "AC", "ref_type": "", "action_id": "", "data_type": "R", "dependent": null, "display_name": "Associated To"}, {"key": "uuid-00-company", "meta": {"display_gex": "uuid-00-name"}, "name": "company", "field": {"key": "id", "meta": null, "name": "", "field": null, "value": "--", "ref_id": "", "choices": null, "dom_type": "", "ref_type": "", "action_id": "", "data_type": "S", "dependent": null, "display_name": ""}, "value": null, "ref_id": "6a5b8d94-3b4a-494e-ac74-1293a5cb7613", "choices": null, "dom_type": "AC", "ref_type": "", "action_id": "", "data_type": "R", "dependent": null, "display_name": "Associated To"}, {"key": "uuid-00-reminder", "meta": null, "name": "reminder", "field": null, "value": null, "ref_id": "", "choices": null, "dom_type": "TE", "ref_type": "", "action_id": "uuid-00-contact", "data_type": "T", "dependent": null, "display_name": "Reminder"}]', NULL, '2021-04-08 06:19:09.44059', 1617862749);
INSERT INTO public.entities (entity_id, account_id, team_id, name, display_name, category, state, status, fieldsb, tags, created_at, updated_at) VALUES ('903ec14f-4495-4f7f-9a88-50d1fb12f95d', '3cf17266-3473-4006-984f-9325122678b7', '2f3c379d-60f6-4793-8928-3d2ccb852208', 'notes', 'Notes', 13, 0, 0, '[{"key": "uuid-00-desc", "meta": null, "name": "desc", "field": null, "value": null, "ref_id": "", "choices": null, "dom_type": "TE", "ref_type": "", "action_id": "", "data_type": "S", "dependent": null, "display_name": "Notes"}, {"key": "uuid-00-contact", "meta": {"display_gex": "uuid-00-fname"}, "name": "contact", "field": {"key": "id", "meta": null, "name": "", "field": null, "value": "--", "ref_id": "", "choices": null, "dom_type": "", "ref_type": "", "action_id": "", "data_type": "S", "dependent": null, "display_name": ""}, "value": null, "ref_id": "380d2264-d4d7-444a-9f7a-ebca216bc67e", "choices": null, "dom_type": "AC", "ref_type": "", "action_id": "", "data_type": "R", "dependent": null, "display_name": "Associated To"}, {"key": "uuid-00-deal", "meta": {"display_gex": "uuid-00-deal-name"}, "name": "deal", "field": {"key": "id", "meta": null, "name": "", "field": null, "value": "--", "ref_id": "", "choices": null, "dom_type": "", "ref_type": "", "action_id": "", "data_type": "S", "dependent": null, "display_name": ""}, "value": null, "ref_id": "3b8d66dd-918b-489b-a9ff-136931fe826d", "choices": null, "dom_type": "AC", "ref_type": "", "action_id": "", "data_type": "R", "dependent": null, "display_name": "Associated To"}, {"key": "uuid-00-company", "meta": {"display_gex": "uuid-00-name"}, "name": "company", "field": {"key": "id", "meta": null, "name": "", "field": null, "value": "--", "ref_id": "", "choices": null, "dom_type": "", "ref_type": "", "action_id": "", "data_type": "S", "dependent": null, "display_name": ""}, "value": null, "ref_id": "6a5b8d94-3b4a-494e-ac74-1293a5cb7613", "choices": null, "dom_type": "AC", "ref_type": "", "action_id": "", "data_type": "R", "dependent": null, "display_name": "Associated To"}]', NULL, '2021-04-08 06:19:09.451246', 1617862749);
INSERT INTO public.entities (entity_id, account_id, team_id, name, display_name, category, state, status, fieldsb, tags, created_at, updated_at) VALUES ('ad43ba7a-53de-4829-9f1c-163dd598c73e', '3cf17266-3473-4006-984f-9325122678b7', '2f3c379d-60f6-4793-8928-3d2ccb852208', 'Meetings', 'Meetings', 14, 0, 0, '[{"key": "uuid-00-desc", "meta": null, "name": "desc", "field": null, "value": null, "ref_id": "", "choices": null, "dom_type": "TE", "ref_type": "", "action_id": "", "data_type": "S", "dependent": null, "display_name": "Notes"}, {"key": "uuid-00-contact", "meta": {"display_gex": "uuid-00-fname"}, "name": "contact", "field": {"key": "id", "meta": null, "name": "", "field": null, "value": "--", "ref_id": "", "choices": null, "dom_type": "", "ref_type": "", "action_id": "", "data_type": "S", "dependent": null, "display_name": ""}, "value": null, "ref_id": "380d2264-d4d7-444a-9f7a-ebca216bc67e", "choices": null, "dom_type": "AC", "ref_type": "", "action_id": "", "data_type": "R", "dependent": null, "display_name": "Associated Contact"}, {"key": "uuid-00-due-by", "meta": null, "name": "due_by", "field": null, "value": null, "ref_id": "", "choices": null, "dom_type": "TE", "ref_type": "", "action_id": "", "data_type": "T", "dependent": null, "display_name": "Due By"}, {"key": "uuid-00-deal", "meta": {"display_gex": "uuid-00-deal-name"}, "name": "deal", "field": {"key": "id", "meta": null, "name": "", "field": null, "value": "--", "ref_id": "", "choices": null, "dom_type": "", "ref_type": "", "action_id": "", "data_type": "S", "dependent": null, "display_name": ""}, "value": null, "ref_id": "3b8d66dd-918b-489b-a9ff-136931fe826d", "choices": null, "dom_type": "AC", "ref_type": "", "action_id": "", "data_type": "R", "dependent": null, "display_name": "Associated Deal"}, {"key": "uuid-00-company", "meta": {"display_gex": "uuid-00-name"}, "name": "company", "field": {"key": "id", "meta": null, "name": "", "field": null, "value": "--", "ref_id": "", "choices": null, "dom_type": "", "ref_type": "", "action_id": "", "data_type": "S", "dependent": null, "display_name": ""}, "value": null, "ref_id": "6a5b8d94-3b4a-494e-ac74-1293a5cb7613", "choices": null, "dom_type": "AC", "ref_type": "", "action_id": "", "data_type": "R", "dependent": null, "display_name": "Associated Company"}, {"key": "uuid-00-reminder", "meta": null, "name": "reminder", "field": null, "value": null, "ref_id": "", "choices": null, "dom_type": "TE", "ref_type": "", "action_id": "uuid-00-contact", "data_type": "T", "dependent": null, "display_name": "Reminder"}]', NULL, '2021-04-08 06:19:09.453713', 1617862749);
INSERT INTO public.entities (entity_id, account_id, team_id, name, display_name, category, state, status, fieldsb, tags, created_at, updated_at) VALUES ('28f67801-7ec9-4e75-ba9a-73dae54cfc17', '3cf17266-3473-4006-984f-9325122678b7', '3cf17266-3473-4006-984f-9325122678b7', 'owners', 'Owners', 5, 0, 0, '[{"key": "5c50b3a9-a39d-44a4-8c19-25e21e9075eb", "meta": null, "name": "user_id", "field": null, "value": null, "ref_id": "", "choices": null, "dom_type": "NA", "ref_type": "", "action_id": "", "data_type": "S", "dependent": null, "display_name": "User ID"}, {"key": "e5f1904b-1efa-4aec-a39f-c34391697527", "meta": null, "name": "name", "field": null, "value": null, "ref_id": "", "choices": null, "dom_type": "TE", "ref_type": "", "action_id": "", "data_type": "S", "dependent": null, "display_name": "Name"}, {"key": "f7da5265-7db5-4f40-b92b-bb5566f491b2", "meta": null, "name": "avatar", "field": null, "value": null, "ref_id": "", "choices": null, "dom_type": "TE", "ref_type": "", "action_id": "", "data_type": "S", "dependent": null, "display_name": "Avatar"}, {"key": "c4a3524b-3fe5-4f14-802b-1c3bee9de57e", "meta": null, "name": "email", "field": null, "value": null, "ref_id": "", "choices": null, "dom_type": "TE", "ref_type": "", "action_id": "", "data_type": "S", "dependent": null, "display_name": "Email"}]', NULL, '2021-04-08 06:19:04.631774', 1617862744);
INSERT INTO public.entities (entity_id, account_id, team_id, name, display_name, category, state, status, fieldsb, tags, created_at, updated_at) VALUES ('9c601d69-75ee-4f29-911f-b8a8006e160e', '3cf17266-3473-4006-984f-9325122678b7', '3cf17266-3473-4006-984f-9325122678b7', 'email_config', 'Email Integrations', 10, 0, 0, '[{"key": "4c6487e6-7625-4415-8525-c0bfda4e435a", "meta": {"config": "true"}, "name": "domain", "field": null, "value": null, "ref_id": "", "choices": null, "dom_type": "NA", "ref_type": "", "action_id": "", "data_type": "S", "dependent": null, "display_name": "Domain"}, {"key": "7f474cee-4267-42f6-9ff5-08ae47e582a4", "meta": {"config": "true"}, "name": "api_key", "field": null, "value": null, "ref_id": "", "choices": null, "dom_type": "NA", "ref_type": "", "action_id": "", "data_type": "S", "dependent": null, "display_name": "API Key"}, {"key": "d9e847f3-6160-4f3b-8d40-f6370b8a8fd5", "meta": null, "name": "email", "field": null, "value": null, "ref_id": "", "choices": null, "dom_type": "TE", "ref_type": "", "action_id": "", "data_type": "S", "dependent": null, "display_name": "E-Mail"}, {"key": "e16a795e-b9f9-4916-82cd-69115169b263", "meta": {"config": "true"}, "name": "common", "field": null, "value": null, "ref_id": "", "choices": null, "dom_type": "NA", "ref_type": "", "action_id": "", "data_type": "S", "dependent": null, "display_name": ""}, {"key": "959c74f7-ceee-4547-b43a-ba44fbfa9e1d", "meta": {"display_gex": "c4a3524b-3fe5-4f14-802b-1c3bee9de57e"}, "name": "owner", "field": {"key": "id", "meta": null, "name": "", "field": null, "value": "--", "ref_id": "", "choices": null, "dom_type": "", "ref_type": "", "action_id": "", "data_type": "S", "dependent": null, "display_name": ""}, "value": null, "ref_id": "28f67801-7ec9-4e75-ba9a-73dae54cfc17", "choices": null, "dom_type": "SE", "ref_type": "", "action_id": "", "data_type": "R", "dependent": null, "display_name": "Associated To"}]', NULL, '2021-04-08 06:19:04.637285', 1617862744);
INSERT INTO public.entities (entity_id, account_id, team_id, name, display_name, category, state, status, fieldsb, tags, created_at, updated_at) VALUES ('b9de7abf-8ddc-41bb-8b2a-4e47b7b3e04c', '3cf17266-3473-4006-984f-9325122678b7', '2f3c379d-60f6-4793-8928-3d2ccb852208', 'flows', 'Flow', 11, 0, 0, '[{"key": "uuid-00-flow-id", "meta": null, "name": "flow_id", "field": null, "value": null, "ref_id": "", "choices": null, "dom_type": "SE", "ref_type": "", "action_id": "", "data_type": "R", "dependent": null, "display_name": "ID"}]', NULL, '2021-04-08 06:19:09.386768', 1617862749);
INSERT INTO public.entities (entity_id, account_id, team_id, name, display_name, category, state, status, fieldsb, tags, created_at, updated_at) VALUES ('ab9dd4ed-7264-435f-b074-377aeca2fcc7', '3cf17266-3473-4006-984f-9325122678b7', '2f3c379d-60f6-4793-8928-3d2ccb852208', 'nodes', 'Node', 12, 0, 0, '[{"key": "uuid-00-node-id", "meta": null, "name": "node_id", "field": null, "value": null, "ref_id": "", "choices": null, "dom_type": "SE", "ref_type": "", "action_id": "", "data_type": "R", "dependent": null, "display_name": "ID"}]', NULL, '2021-04-08 06:19:09.388454', 1617862749);
INSERT INTO public.entities (entity_id, account_id, team_id, name, display_name, category, state, status, fieldsb, tags, created_at, updated_at) VALUES ('dfa4fa7c-4069-4db2-b4c1-5e16f57daa9f', '3cf17266-3473-4006-984f-9325122678b7', '2f3c379d-60f6-4793-8928-3d2ccb852208', 'status', 'Status', 8, 0, 0, '[{"key": "uuid-00-verb", "meta": null, "name": "verb", "field": null, "value": null, "ref_id": "", "choices": null, "dom_type": "NA", "ref_type": "", "action_id": "", "data_type": "S", "dependent": null, "display_name": "Verb"}, {"key": "uuid-00-name", "meta": null, "name": "name", "field": null, "value": null, "ref_id": "", "choices": null, "dom_type": "TE", "ref_type": "", "action_id": "", "data_type": "S", "dependent": null, "display_name": "Name"}, {"key": "uuid-00-color", "meta": null, "name": "color", "field": null, "value": null, "ref_id": "", "choices": null, "dom_type": "TE", "ref_type": "", "action_id": "", "data_type": "S", "dependent": null, "display_name": "Color"}]', NULL, '2021-04-08 06:19:09.389318', 1617862749);
INSERT INTO public.entities (entity_id, account_id, team_id, name, display_name, category, state, status, fieldsb, tags, created_at, updated_at) VALUES ('42a91b1f-cfad-4012-898d-f9d875f6bcca', '3cf17266-3473-4006-984f-9325122678b7', '2f3c379d-60f6-4793-8928-3d2ccb852208', 'tickets', 'Tickets', 1, 0, 0, '[{"key": "uuid-00-subject", "meta": null, "name": "name", "field": null, "value": null, "ref_id": "", "choices": null, "dom_type": "TE", "ref_type": "", "action_id": "", "data_type": "S", "dependent": null, "display_name": "Name"}, {"key": "uuid-00-status", "meta": {"display_gex": "uuid-00-name"}, "name": "status", "field": {"key": "id", "meta": null, "name": "", "field": null, "value": "--", "ref_id": "", "choices": null, "dom_type": "", "ref_type": "", "action_id": "", "data_type": "S", "dependent": null, "display_name": ""}, "value": null, "ref_id": "dfa4fa7c-4069-4db2-b4c1-5e16f57daa9f", "choices": null, "dom_type": "SE", "ref_type": "STRAIGHT", "action_id": "", "data_type": "R", "dependent": null, "display_name": "Status"}, {"key": "uuid-00-contact", "meta": {"display_gex": "uuid-00-fname"}, "name": "contact", "field": {"key": "id", "meta": null, "name": "", "field": null, "value": "--", "ref_id": "", "choices": null, "dom_type": "", "ref_type": "", "action_id": "", "data_type": "S", "dependent": null, "display_name": ""}, "value": null, "ref_id": "380d2264-d4d7-444a-9f7a-ebca216bc67e", "choices": null, "dom_type": "AC", "ref_type": "", "action_id": "", "data_type": "R", "dependent": null, "display_name": "Associated Contacts"}, {"key": "uuid-00-company", "meta": {"display_gex": "uuid-00-name"}, "name": "company", "field": {"key": "id", "meta": null, "name": "", "field": null, "value": "--", "ref_id": "", "choices": null, "dom_type": "", "ref_type": "", "action_id": "", "data_type": "S", "dependent": null, "display_name": ""}, "value": null, "ref_id": "6a5b8d94-3b4a-494e-ac74-1293a5cb7613", "choices": null, "dom_type": "AC", "ref_type": "", "action_id": "", "data_type": "R", "dependent": null, "display_name": "Associated Companies"}]', NULL, '2021-04-08 06:19:09.456119', 1617862749);
INSERT INTO public.entities (entity_id, account_id, team_id, name, display_name, category, state, status, fieldsb, tags, created_at, updated_at) VALUES ('39b6aa18-6784-42ed-a854-22fd23d34cf4', '3cf17266-3473-4006-984f-9325122678b7', '3cf17266-3473-4006-984f-9325122678b7', 'emails', 'Emails', 4, 0, 0, '[{"key": "ce48f170-5152-425f-b949-d2254e54df67", "meta": {"display_gex": "d9e847f3-6160-4f3b-8d40-f6370b8a8fd5"}, "name": "from", "field": {"key": "id", "meta": null, "name": "", "field": null, "value": "--", "ref_id": "", "choices": null, "dom_type": "", "ref_type": "", "action_id": "", "data_type": "S", "dependent": null, "display_name": ""}, "value": null, "ref_id": "9c601d69-75ee-4f29-911f-b8a8006e160e", "choices": null, "dom_type": "AC", "ref_type": "", "action_id": "", "data_type": "R", "dependent": null, "display_name": "From"}, {"key": "de5ede37-29a4-4269-8761-5c25ab328c84", "meta": {"display_gex": "uuid-00-email"}, "name": "to", "field": {"key": "id", "meta": null, "name": "", "field": null, "value": "--", "ref_id": "", "choices": null, "dom_type": "", "ref_type": "", "action_id": "", "data_type": "S", "dependent": null, "display_name": ""}, "value": null, "ref_id": "380d2264-d4d7-444a-9f7a-ebca216bc67e", "choices": null, "dom_type": "AC", "ref_type": "", "action_id": "", "data_type": "R", "dependent": null, "display_name": "To"}, {"key": "ad3b8b8d-b832-4041-bdb9-90aa1b67ed17", "meta": {"display_gex": "d9e847f3-6160-4f3b-8d40-f6370b8a8fd5"}, "name": "cc", "field": {"key": "id", "meta": null, "name": "", "field": null, "value": "--", "ref_id": "", "choices": null, "dom_type": "", "ref_type": "", "action_id": "", "data_type": "S", "dependent": null, "display_name": ""}, "value": null, "ref_id": "9c601d69-75ee-4f29-911f-b8a8006e160e", "choices": null, "dom_type": "AC", "ref_type": "", "action_id": "", "data_type": "R", "dependent": null, "display_name": "Cc"}, {"key": "d4397128-cb0d-4a67-a671-cf4aeb35ebc9", "meta": {"display_gex": "d9e847f3-6160-4f3b-8d40-f6370b8a8fd5"}, "name": "bcc", "field": {"key": "id", "meta": null, "name": "", "field": null, "value": "--", "ref_id": "", "choices": null, "dom_type": "", "ref_type": "", "action_id": "", "data_type": "S", "dependent": null, "display_name": ""}, "value": null, "ref_id": "9c601d69-75ee-4f29-911f-b8a8006e160e", "choices": null, "dom_type": "AC", "ref_type": "", "action_id": "", "data_type": "R", "dependent": null, "display_name": "Bcc"}, {"key": "75956113-1444-442b-b131-26f31c7b37f6", "meta": null, "name": "subject", "field": null, "value": null, "ref_id": "", "choices": null, "dom_type": "TE", "ref_type": "", "action_id": "", "data_type": "S", "dependent": null, "display_name": "Subject"}, {"key": "236e425e-7cc1-499a-b474-bcbe061c4617", "meta": null, "name": "body", "field": null, "value": null, "ref_id": "", "choices": null, "dom_type": "TA", "ref_type": "", "action_id": "", "data_type": "S", "dependent": null, "display_name": "Body"}]', NULL, '2021-04-08 06:19:04.640536', 1617862749);


--
-- Data for Name: flows; Type: TABLE DATA; Schema: public; Owner: postgres
--

INSERT INTO public.flows (flow_id, account_id, entity_id, expression, name, description, mode, type, condition, status, created_at, updated_at) VALUES ('ed58cf77-87e2-4d4c-a495-bfa7c808819f', '3cf17266-3473-4006-984f-9325122678b7', '3b8d66dd-918b-489b-a9ff-136931fe826d', '{{3b8d66dd-918b-489b-a9ff-136931fe826d.uuid-00-fname}} eq {Vijay} && {{3b8d66dd-918b-489b-a9ff-136931fe826d.uuid-00-nps-score}} gt {98}', 'Sales Pipeline', '', 1, 0, 1, 0, '2021-04-08 06:19:09.432379', 1617862749);


--
-- Data for Name: items; Type: TABLE DATA; Schema: public; Owner: postgres
--

INSERT INTO public.items (item_id, account_id, entity_id, genie_id, user_id, state, type, name, fieldsb, created_at, updated_at) VALUES ('5cf37266-3473-4006-984f-9325122678b7', '3cf17266-3473-4006-984f-9325122678b7', '28f67801-7ec9-4e75-ba9a-73dae54cfc17', NULL, '5cf37266-3473-4006-984f-9325122678b7', 0, 0, NULL, '{"5c50b3a9-a39d-44a4-8c19-25e21e9075eb": "5cf37266-3473-4006-984f-9325122678b7", "c4a3524b-3fe5-4f14-802b-1c3bee9de57e": "vijayasankarmail@gmail.com", "e5f1904b-1efa-4aec-a39f-c34391697527": "sankar", "f7da5265-7db5-4f40-b92b-bb5566f491b2": "http://gravatar/vj"}', '2021-04-08 06:19:04.633771', 1617862744);
INSERT INTO public.items (item_id, account_id, entity_id, genie_id, user_id, state, type, name, fieldsb, created_at, updated_at) VALUES ('422f39e6-361f-45b8-ab02-75b43a1815cf', '3cf17266-3473-4006-984f-9325122678b7', 'dfa4fa7c-4069-4db2-b4c1-5e16f57daa9f', NULL, '422f39e6-361f-45b8-ab02-75b43a1815cf', 0, 0, NULL, '{"uuid-00-name": "Open", "uuid-00-verb": "none", "uuid-00-color": "#fb667e"}', '2021-04-08 06:19:09.39005', 1617862749);
INSERT INTO public.items (item_id, account_id, entity_id, genie_id, user_id, state, type, name, fieldsb, created_at, updated_at) VALUES ('6acca876-8f81-493e-8128-610dc8a1dfb7', '3cf17266-3473-4006-984f-9325122678b7', 'dfa4fa7c-4069-4db2-b4c1-5e16f57daa9f', NULL, '6acca876-8f81-493e-8128-610dc8a1dfb7', 0, 0, NULL, '{"uuid-00-name": "Closed", "uuid-00-verb": "done", "uuid-00-color": "#66fb99"}', '2021-04-08 06:19:09.392557', 1617862749);
INSERT INTO public.items (item_id, account_id, entity_id, genie_id, user_id, state, type, name, fieldsb, created_at, updated_at) VALUES ('bebc557d-2be7-468b-b287-d6d066dab2fc', '3cf17266-3473-4006-984f-9325122678b7', 'dfa4fa7c-4069-4db2-b4c1-5e16f57daa9f', NULL, 'bebc557d-2be7-468b-b287-d6d066dab2fc', 0, 0, NULL, '{"uuid-00-name": "OverDue", "uuid-00-verb": "neg", "uuid-00-color": "#66fb99"}', '2021-04-08 06:19:09.393954', 1617862749);
INSERT INTO public.items (item_id, account_id, entity_id, genie_id, user_id, state, type, name, fieldsb, created_at, updated_at) VALUES ('1c987cdf-6609-4904-a111-7b87da739595', '3cf17266-3473-4006-984f-9325122678b7', '380d2264-d4d7-444a-9f7a-ebca216bc67e', NULL, '1c987cdf-6609-4904-a111-7b87da739595', 0, 0, NULL, '{"uuid-00-email": "gaajidurden@gmail.com", "uuid-00-fname": "Bruce Wayne", "uuid-00-owner": [], "uuid-00-status": ["422f39e6-361f-45b8-ab02-75b43a1815cf"], "uuid-00-lf-stage": ["1"], "uuid-00-nps-score": 100, "uuid-00-mobile-numbers": ["9944293499", "9940209164"]}', '2021-04-08 06:19:09.401766', 1617862749);
INSERT INTO public.items (item_id, account_id, entity_id, genie_id, user_id, state, type, name, fieldsb, created_at, updated_at) VALUES ('9aa87425-b94b-4a9a-a966-f6292dc86e3b', '3cf17266-3473-4006-984f-9325122678b7', '380d2264-d4d7-444a-9f7a-ebca216bc67e', NULL, '9aa87425-b94b-4a9a-a966-f6292dc86e3b', 0, 0, NULL, '{"uuid-00-email": "vijayasankarmobile@gmail.com", "uuid-00-fname": "George Kutty", "uuid-00-owner": [], "uuid-00-status": ["6acca876-8f81-493e-8128-610dc8a1dfb7"], "uuid-00-lf-stage": ["1"], "uuid-00-nps-score": 100, "uuid-00-mobile-numbers": ["9944293499", "9940209164"]}', '2021-04-08 06:19:09.410429', 1617862749);
INSERT INTO public.items (item_id, account_id, entity_id, genie_id, user_id, state, type, name, fieldsb, created_at, updated_at) VALUES ('295782d3-d042-4dc0-afc7-1165f8df1e62', '3cf17266-3473-4006-984f-9325122678b7', '6a5b8d94-3b4a-494e-ac74-1293a5cb7613', NULL, '295782d3-d042-4dc0-afc7-1165f8df1e62', 0, 0, NULL, '{"uuid-00-name": "Zoho", "uuid-00-website": "zoho.com"}', '2021-04-08 06:19:09.421141', 1617862749);
INSERT INTO public.items (item_id, account_id, entity_id, genie_id, user_id, state, type, name, fieldsb, created_at, updated_at) VALUES ('817eb3b3-5bb8-49e6-90ba-0cb684c5a64b', '3cf17266-3473-4006-984f-9325122678b7', 'f021b5e9-a8bd-463d-94c4-25d76c18bd00', NULL, '817eb3b3-5bb8-49e6-90ba-0cb684c5a64b', 0, 0, NULL, '{"uuid-00-repeat": "true", "uuid-00-delay-by": "2"}', '2021-04-08 06:19:09.424729', 1617862749);
INSERT INTO public.items (item_id, account_id, entity_id, genie_id, user_id, state, type, name, fieldsb, created_at, updated_at) VALUES ('48d72903-9be8-4b2d-810a-38c9b67a0574', '3cf17266-3473-4006-984f-9325122678b7', '9c601d69-75ee-4f29-911f-b8a8006e160e', NULL, '5cf37266-3473-4006-984f-9325122678b7', 0, 0, NULL, '{"4c6487e6-7625-4415-8525-c0bfda4e435a": "sandbox3ab4868d173f4391805389718914b89c.mailgun.org", "7f474cee-4267-42f6-9ff5-08ae47e582a4": "9c2d8fbbab5c0ca5de49089c1e9777b3-7fba8a4e-b5d71e35", "959c74f7-ceee-4547-b43a-ba44fbfa9e1d": ["5cf37266-3473-4006-984f-9325122678b7"], "d9e847f3-6160-4f3b-8d40-f6370b8a8fd5": "vijayasankar.jothi@wayplot.com", "e16a795e-b9f9-4916-82cd-69115169b263": "false"}', '2021-04-08 06:19:09.427006', 1617862749);
INSERT INTO public.items (item_id, account_id, entity_id, genie_id, user_id, state, type, name, fieldsb, created_at, updated_at) VALUES ('b7b3b419-00db-4e82-8701-52f92eb2c304', '3cf17266-3473-4006-984f-9325122678b7', '39b6aa18-6784-42ed-a854-22fd23d34cf4', NULL, '5cf37266-3473-4006-984f-9325122678b7', 0, 0, NULL, '{"236e425e-7cc1-499a-b474-bcbe061c4617": "Hello {{380d2264-d4d7-444a-9f7a-ebca216bc67e.uuid-00-email}}", "75956113-1444-442b-b131-26f31c7b37f6": "This mail is sent you to tell that your NPS scrore is {{380d2264-d4d7-444a-9f7a-ebca216bc67e.uuid-00-nps-score}}. We are very proud of you!", "ad3b8b8d-b832-4041-bdb9-90aa1b67ed17": ["vijayasankarmobile@gmail.com"], "ce48f170-5152-425f-b949-d2254e54df67": ["48d72903-9be8-4b2d-810a-38c9b67a0574"], "d4397128-cb0d-4a67-a671-cf4aeb35ebc9": [], "de5ede37-29a4-4269-8761-5c25ab328c84": ["{{380d2264-d4d7-444a-9f7a-ebca216bc67e.uuid-00-email}}"]}', '2021-04-08 06:19:09.429001', 1617862749);
INSERT INTO public.items (item_id, account_id, entity_id, genie_id, user_id, state, type, name, fieldsb, created_at, updated_at) VALUES ('b28b5332-ee2c-4aa2-bfe5-daa15b3e976a', '3cf17266-3473-4006-984f-9325122678b7', '3b8d66dd-918b-489b-a9ff-136931fe826d', NULL, 'b28b5332-ee2c-4aa2-bfe5-daa15b3e976a', 0, 0, NULL, '{"uuid-00-pipe": ["ed58cf77-87e2-4d4c-a495-bfa7c808819f"], "uuid-00-contacts": ["1c987cdf-6609-4904-a111-7b87da739595", "9aa87425-b94b-4a9a-a966-f6292dc86e3b"], "uuid-00-deal-name": "Big Deal", "uuid-00-pipe-stage": [], "uuid-00-deal-amount": 1000}', '2021-04-08 06:19:09.434311', 1617862749);
INSERT INTO public.items (item_id, account_id, entity_id, genie_id, user_id, state, type, name, fieldsb, created_at, updated_at) VALUES ('93f6e09a-0eea-499e-b952-5b21faf055b2', '3cf17266-3473-4006-984f-9325122678b7', 'eb06041e-8483-44bd-a5a2-6dd48651a1f2', NULL, '93f6e09a-0eea-499e-b952-5b21faf055b2', 0, 0, NULL, '{"uuid-00-desc": "make cake", "uuid-00-due-by": "2021-04-08 11:49:09 +0530", "uuid-00-status": [], "uuid-00-contact": ["1c987cdf-6609-4904-a111-7b87da739595"], "uuid-00-reminder": "2021-04-08 11:49:09 +0530"}', '2021-04-08 06:19:09.443688', 1617862749);
INSERT INTO public.items (item_id, account_id, entity_id, genie_id, user_id, state, type, name, fieldsb, created_at, updated_at) VALUES ('eb1ded95-574e-4291-bae7-6ce98cfb14f1', '3cf17266-3473-4006-984f-9325122678b7', 'eb06041e-8483-44bd-a5a2-6dd48651a1f2', NULL, 'eb1ded95-574e-4291-bae7-6ce98cfb14f1', 0, 0, NULL, '{"uuid-00-desc": "make call", "uuid-00-due-by": "2021-04-08 11:49:09 +0530", "uuid-00-status": [], "uuid-00-contact": ["1c987cdf-6609-4904-a111-7b87da739595"], "uuid-00-reminder": "2021-04-08 11:49:09 +0530"}', '2021-04-08 06:19:09.447461', 1617862749);
INSERT INTO public.items (item_id, account_id, entity_id, genie_id, user_id, state, type, name, fieldsb, created_at, updated_at) VALUES ('0362832c-4992-40bc-9c51-7885fca23be3', '3cf17266-3473-4006-984f-9325122678b7', '42a91b1f-cfad-4012-898d-f9d875f6bcca', NULL, '0362832c-4992-40bc-9c51-7885fca23be3', 0, 0, NULL, '{"uuid-00-status": ["422f39e6-361f-45b8-ab02-75b43a1815cf"], "uuid-00-subject": "My Laptop Is Not Working"}', '2021-04-08 06:19:09.458259', 1617862749);


--
-- Data for Name: active_flows; Type: TABLE DATA; Schema: public; Owner: postgres
--



--
-- Data for Name: nodes; Type: TABLE DATA; Schema: public; Owner: postgres
--

INSERT INTO public.nodes (node_id, parent_node_id, account_id, flow_id, actor_id, stage_id, name, description, weight, type, expression, actuals, created_at, updated_at) VALUES ('0d35c6eb-6858-4e5c-9b7e-6ea306fa5af6', '00000000-0000-0000-0000-000000000000', '3cf17266-3473-4006-984f-9325122678b7', 'ed58cf77-87e2-4d4c-a495-bfa7c808819f', '00000000-0000-0000-0000-000000000000', '00000000-0000-0000-0000-000000000000', 'Opportunity', ' Opportunity Deals', 0, 8, '', '{}', '2021-04-08 06:19:09.433134', 1617862749);
INSERT INTO public.nodes (node_id, parent_node_id, account_id, flow_id, actor_id, stage_id, name, description, weight, type, expression, actuals, created_at, updated_at) VALUES ('7e8e8aae-e13e-401d-8aa3-7200625bc7d2', '0d35c6eb-6858-4e5c-9b7e-6ea306fa5af6', '3cf17266-3473-4006-984f-9325122678b7', 'ed58cf77-87e2-4d4c-a495-bfa7c808819f', '00000000-0000-0000-0000-000000000000', '00000000-0000-0000-0000-000000000000', 'Deal Won', 'Won Deals', 0, 8, '{Vijay} eq {Vijay}', '{}', '2021-04-08 06:19:09.4339', 1617862749);


--
-- Data for Name: active_nodes; Type: TABLE DATA; Schema: public; Owner: postgres
--



--
-- Data for Name: connections; Type: TABLE DATA; Schema: public; Owner: postgres
--

INSERT INTO public.connections (account_id, relationship_id, src_item_id, dst_item_id) VALUES ('3cf17266-3473-4006-984f-9325122678b7', 'f4f8a42b-957c-4e8c-bf4b-da2c6b48006c', '1c987cdf-6609-4904-a111-7b87da739595', '422f39e6-361f-45b8-ab02-75b43a1815cf');
INSERT INTO public.connections (account_id, relationship_id, src_item_id, dst_item_id) VALUES ('3cf17266-3473-4006-984f-9325122678b7', 'f4f8a42b-957c-4e8c-bf4b-da2c6b48006c', '9aa87425-b94b-4a9a-a966-f6292dc86e3b', '6acca876-8f81-493e-8128-610dc8a1dfb7');
INSERT INTO public.connections (account_id, relationship_id, src_item_id, dst_item_id) VALUES ('3cf17266-3473-4006-984f-9325122678b7', 'd9889aec-8ed3-4f82-bb13-d0f8378dc1ef', 'b28b5332-ee2c-4aa2-bfe5-daa15b3e976a', '1c987cdf-6609-4904-a111-7b87da739595');
INSERT INTO public.connections (account_id, relationship_id, src_item_id, dst_item_id) VALUES ('3cf17266-3473-4006-984f-9325122678b7', 'd9889aec-8ed3-4f82-bb13-d0f8378dc1ef', 'b28b5332-ee2c-4aa2-bfe5-daa15b3e976a', '9aa87425-b94b-4a9a-a966-f6292dc86e3b');
INSERT INTO public.connections (account_id, relationship_id, src_item_id, dst_item_id) VALUES ('3cf17266-3473-4006-984f-9325122678b7', 'd83ff093-a43e-4fa2-8dd4-f854f7be9e78', '93f6e09a-0eea-499e-b952-5b21faf055b2', '1c987cdf-6609-4904-a111-7b87da739595');
INSERT INTO public.connections (account_id, relationship_id, src_item_id, dst_item_id) VALUES ('3cf17266-3473-4006-984f-9325122678b7', 'd83ff093-a43e-4fa2-8dd4-f854f7be9e78', 'eb1ded95-574e-4291-bae7-6ce98cfb14f1', '1c987cdf-6609-4904-a111-7b87da739595');
INSERT INTO public.connections (account_id, relationship_id, src_item_id, dst_item_id) VALUES ('3cf17266-3473-4006-984f-9325122678b7', '18557c71-c5b8-4235-af68-4c769eb36f15', '0362832c-4992-40bc-9c51-7885fca23be3', '422f39e6-361f-45b8-ab02-75b43a1815cf');
INSERT INTO public.connections (account_id, relationship_id, src_item_id, dst_item_id) VALUES ('3cf17266-3473-4006-984f-9325122678b7', 'bd15dca7-2963-4b34-bb08-14a53620dab5', '1c987cdf-6609-4904-a111-7b87da739595', '295782d3-d042-4dc0-afc7-1165f8df1e62');
INSERT INTO public.connections (account_id, relationship_id, src_item_id, dst_item_id) VALUES ('3cf17266-3473-4006-984f-9325122678b7', '14ce6883-17f2-4ecb-8e2b-28b8b2d82a0a', '0362832c-4992-40bc-9c51-7885fca23be3', 'b28b5332-ee2c-4aa2-bfe5-daa15b3e976a');


--
-- Data for Name: darwin_migrations; Type: TABLE DATA; Schema: public; Owner: postgres
--

INSERT INTO public.darwin_migrations (id, version, description, checksum, applied_at, execution_time) VALUES (1, 1, 'Add accounts', '68f14cc08160e9d40407026861cf604b', 1617521867, 4690602);
INSERT INTO public.darwin_migrations (id, version, description, checksum, applied_at, execution_time) VALUES (2, 2, 'Add users', '896902e3246261a4dd4f6cd38d5221bc', 1617521867, 4259298);
INSERT INTO public.darwin_migrations (id, version, description, checksum, applied_at, execution_time) VALUES (3, 3, 'Add teams', '942f94590f2c9652b02eadd180e23029', 1617521867, 4658645);
INSERT INTO public.darwin_migrations (id, version, description, checksum, applied_at, execution_time) VALUES (4, 4, 'Add entities', 'ccbb1cc8a4379ed053edd35ac85e5d0c', 1617521867, 5823311);
INSERT INTO public.darwin_migrations (id, version, description, checksum, applied_at, execution_time) VALUES (5, 5, 'Add items', '6936f5888c69451c9f6d195ca687a054', 1617521867, 5357872);
INSERT INTO public.darwin_migrations (id, version, description, checksum, applied_at, execution_time) VALUES (6, 6, 'Add flows', 'a8db09c03de01e646c34640d6d2281c1', 1617521867, 12993932);
INSERT INTO public.darwin_migrations (id, version, description, checksum, applied_at, execution_time) VALUES (7, 7, 'Add nodes', '737176e867a4d62f52525911bb624249', 1617521867, 10614807);
INSERT INTO public.darwin_migrations (id, version, description, checksum, applied_at, execution_time) VALUES (8, 8, 'Add active_flows', '4150da24edf33db515d623428fb3fc26', 1617521867, 7777467);
INSERT INTO public.darwin_migrations (id, version, description, checksum, applied_at, execution_time) VALUES (9, 9, 'Add active_nodes', '64df0f3070f977e633413c91626b62e3', 1617521867, 3888876);
INSERT INTO public.darwin_migrations (id, version, description, checksum, applied_at, execution_time) VALUES (10, 10, 'Add relationships', '0e08804f6c22b71fbf8bd7d06d067e1c', 1617521867, 5405885);
INSERT INTO public.darwin_migrations (id, version, description, checksum, applied_at, execution_time) VALUES (11, 11, 'Add connections', '2e1427c73b7b6996b3d701bf62f344b2', 1617521867, 2194498);
INSERT INTO public.darwin_migrations (id, version, description, checksum, applied_at, execution_time) VALUES (12, 12, 'Add discoveries', '7cc5372239184b3b960e0250ea2b0b45', 1617521867, 4814750);


--
-- Name: darwin_migrations_id_seq; Type: SEQUENCE SET; Schema: public; Owner: postgres
--

SELECT pg_catalog.setval('public.darwin_migrations_id_seq', 12, true);


--
-- Data for Name: discoveries; Type: TABLE DATA; Schema: public; Owner: postgres
--

INSERT INTO public.discoveries (discovery_id, account_id, entity_id, item_id, created_at, updated_at) VALUES ('vijayasankar.jothi@wayplot.com', '3cf17266-3473-4006-984f-9325122678b7', '9c601d69-75ee-4f29-911f-b8a8006e160e', '48d72903-9be8-4b2d-810a-38c9b67a0574', '2021-04-08 06:19:09.427461', 1617862749);


--
-- Data for Name: relationships; Type: TABLE DATA; Schema: public; Owner: postgres
--

INSERT INTO public.relationships (relationship_id, account_id, src_entity_id, dst_entity_id, field_id, type) VALUES ('93363ae1-ae1f-4593-8e1b-cf7d9e1bfa87', '3cf17266-3473-4006-984f-9325122678b7', '9c601d69-75ee-4f29-911f-b8a8006e160e', '28f67801-7ec9-4e75-ba9a-73dae54cfc17', '959c74f7-ceee-4547-b43a-ba44fbfa9e1d', 0);
INSERT INTO public.relationships (relationship_id, account_id, src_entity_id, dst_entity_id, field_id, type) VALUES ('93363ae1-ae1f-4593-8e1b-cf7d9e1bfa87', '3cf17266-3473-4006-984f-9325122678b7', '28f67801-7ec9-4e75-ba9a-73dae54cfc17', '9c601d69-75ee-4f29-911f-b8a8006e160e', '959c74f7-ceee-4547-b43a-ba44fbfa9e1d', 0);
INSERT INTO public.relationships (relationship_id, account_id, src_entity_id, dst_entity_id, field_id, type) VALUES ('c5311398-91c8-4fc6-9f9c-e28cbfdbb9ca', '3cf17266-3473-4006-984f-9325122678b7', '39b6aa18-6784-42ed-a854-22fd23d34cf4', '9c601d69-75ee-4f29-911f-b8a8006e160e', 'ad3b8b8d-b832-4041-bdb9-90aa1b67ed17', 0);
INSERT INTO public.relationships (relationship_id, account_id, src_entity_id, dst_entity_id, field_id, type) VALUES ('c5311398-91c8-4fc6-9f9c-e28cbfdbb9ca', '3cf17266-3473-4006-984f-9325122678b7', '9c601d69-75ee-4f29-911f-b8a8006e160e', '39b6aa18-6784-42ed-a854-22fd23d34cf4', 'ad3b8b8d-b832-4041-bdb9-90aa1b67ed17', 0);
INSERT INTO public.relationships (relationship_id, account_id, src_entity_id, dst_entity_id, field_id, type) VALUES ('f7ab7176-a580-4efa-903f-54edf92fc645', '3cf17266-3473-4006-984f-9325122678b7', '39b6aa18-6784-42ed-a854-22fd23d34cf4', '9c601d69-75ee-4f29-911f-b8a8006e160e', 'd4397128-cb0d-4a67-a671-cf4aeb35ebc9', 0);
INSERT INTO public.relationships (relationship_id, account_id, src_entity_id, dst_entity_id, field_id, type) VALUES ('f7ab7176-a580-4efa-903f-54edf92fc645', '3cf17266-3473-4006-984f-9325122678b7', '9c601d69-75ee-4f29-911f-b8a8006e160e', '39b6aa18-6784-42ed-a854-22fd23d34cf4', 'd4397128-cb0d-4a67-a671-cf4aeb35ebc9', 0);
INSERT INTO public.relationships (relationship_id, account_id, src_entity_id, dst_entity_id, field_id, type) VALUES ('04695f09-6555-4a53-b60c-00a52c31bead', '3cf17266-3473-4006-984f-9325122678b7', '39b6aa18-6784-42ed-a854-22fd23d34cf4', '9c601d69-75ee-4f29-911f-b8a8006e160e', 'ce48f170-5152-425f-b949-d2254e54df67', 0);
INSERT INTO public.relationships (relationship_id, account_id, src_entity_id, dst_entity_id, field_id, type) VALUES ('04695f09-6555-4a53-b60c-00a52c31bead', '3cf17266-3473-4006-984f-9325122678b7', '9c601d69-75ee-4f29-911f-b8a8006e160e', '39b6aa18-6784-42ed-a854-22fd23d34cf4', 'ce48f170-5152-425f-b949-d2254e54df67', 0);
INSERT INTO public.relationships (relationship_id, account_id, src_entity_id, dst_entity_id, field_id, type) VALUES ('f4f8a42b-957c-4e8c-bf4b-da2c6b48006c', '3cf17266-3473-4006-984f-9325122678b7', '380d2264-d4d7-444a-9f7a-ebca216bc67e', 'dfa4fa7c-4069-4db2-b4c1-5e16f57daa9f', 'uuid-00-status', 1);
INSERT INTO public.relationships (relationship_id, account_id, src_entity_id, dst_entity_id, field_id, type) VALUES ('79ce5f4e-d4c3-4d8e-a4ba-1e20b24a2b6f', '3cf17266-3473-4006-984f-9325122678b7', '380d2264-d4d7-444a-9f7a-ebca216bc67e', '28f67801-7ec9-4e75-ba9a-73dae54cfc17', 'uuid-00-owner', 1);
INSERT INTO public.relationships (relationship_id, account_id, src_entity_id, dst_entity_id, field_id, type) VALUES ('7a626ae8-6567-467d-bf1a-e9326eff4e38', '3cf17266-3473-4006-984f-9325122678b7', '6a5b8d94-3b4a-494e-ac74-1293a5cb7613', '28f67801-7ec9-4e75-ba9a-73dae54cfc17', 'uuid-00-owner', 1);
INSERT INTO public.relationships (relationship_id, account_id, src_entity_id, dst_entity_id, field_id, type) VALUES ('d9889aec-8ed3-4f82-bb13-d0f8378dc1ef', '3cf17266-3473-4006-984f-9325122678b7', '3b8d66dd-918b-489b-a9ff-136931fe826d', '380d2264-d4d7-444a-9f7a-ebca216bc67e', 'uuid-00-contacts', 0);
INSERT INTO public.relationships (relationship_id, account_id, src_entity_id, dst_entity_id, field_id, type) VALUES ('d9889aec-8ed3-4f82-bb13-d0f8378dc1ef', '3cf17266-3473-4006-984f-9325122678b7', '380d2264-d4d7-444a-9f7a-ebca216bc67e', '3b8d66dd-918b-489b-a9ff-136931fe826d', 'uuid-00-contacts', 0);
INSERT INTO public.relationships (relationship_id, account_id, src_entity_id, dst_entity_id, field_id, type) VALUES ('b6130dbc-5acc-42f9-92d2-6196b279ea53', '3cf17266-3473-4006-984f-9325122678b7', '3b8d66dd-918b-489b-a9ff-136931fe826d', '6a5b8d94-3b4a-494e-ac74-1293a5cb7613', 'uuid-00-company', 0);
INSERT INTO public.relationships (relationship_id, account_id, src_entity_id, dst_entity_id, field_id, type) VALUES ('b6130dbc-5acc-42f9-92d2-6196b279ea53', '3cf17266-3473-4006-984f-9325122678b7', '6a5b8d94-3b4a-494e-ac74-1293a5cb7613', '3b8d66dd-918b-489b-a9ff-136931fe826d', 'uuid-00-company', 0);
INSERT INTO public.relationships (relationship_id, account_id, src_entity_id, dst_entity_id, field_id, type) VALUES ('c9db545c-e706-45d7-93d2-b48c7dd2843f', '3cf17266-3473-4006-984f-9325122678b7', '3b8d66dd-918b-489b-a9ff-136931fe826d', 'b9de7abf-8ddc-41bb-8b2a-4e47b7b3e04c', 'uuid-00-pipe', 1);
INSERT INTO public.relationships (relationship_id, account_id, src_entity_id, dst_entity_id, field_id, type) VALUES ('271e0d79-aeb9-4bb3-b715-105db3c6815f', '3cf17266-3473-4006-984f-9325122678b7', '3b8d66dd-918b-489b-a9ff-136931fe826d', 'ab9dd4ed-7264-435f-b074-377aeca2fcc7', 'uuid-00-pipe-stage', 1);
INSERT INTO public.relationships (relationship_id, account_id, src_entity_id, dst_entity_id, field_id, type) VALUES ('3a0030a4-32b7-49c5-9a86-85bb22633db3', '3cf17266-3473-4006-984f-9325122678b7', 'eb06041e-8483-44bd-a5a2-6dd48651a1f2', '3b8d66dd-918b-489b-a9ff-136931fe826d', 'uuid-00-deal', 0);
INSERT INTO public.relationships (relationship_id, account_id, src_entity_id, dst_entity_id, field_id, type) VALUES ('3a0030a4-32b7-49c5-9a86-85bb22633db3', '3cf17266-3473-4006-984f-9325122678b7', '3b8d66dd-918b-489b-a9ff-136931fe826d', 'eb06041e-8483-44bd-a5a2-6dd48651a1f2', 'uuid-00-deal', 0);
INSERT INTO public.relationships (relationship_id, account_id, src_entity_id, dst_entity_id, field_id, type) VALUES ('c1fc73cd-2e2c-4151-9342-c7d92ed89285', '3cf17266-3473-4006-984f-9325122678b7', 'eb06041e-8483-44bd-a5a2-6dd48651a1f2', '6a5b8d94-3b4a-494e-ac74-1293a5cb7613', 'uuid-00-company', 0);
INSERT INTO public.relationships (relationship_id, account_id, src_entity_id, dst_entity_id, field_id, type) VALUES ('c1fc73cd-2e2c-4151-9342-c7d92ed89285', '3cf17266-3473-4006-984f-9325122678b7', '6a5b8d94-3b4a-494e-ac74-1293a5cb7613', 'eb06041e-8483-44bd-a5a2-6dd48651a1f2', 'uuid-00-company', 0);
INSERT INTO public.relationships (relationship_id, account_id, src_entity_id, dst_entity_id, field_id, type) VALUES ('d83ff093-a43e-4fa2-8dd4-f854f7be9e78', '3cf17266-3473-4006-984f-9325122678b7', 'eb06041e-8483-44bd-a5a2-6dd48651a1f2', '380d2264-d4d7-444a-9f7a-ebca216bc67e', 'uuid-00-contact', 0);
INSERT INTO public.relationships (relationship_id, account_id, src_entity_id, dst_entity_id, field_id, type) VALUES ('d83ff093-a43e-4fa2-8dd4-f854f7be9e78', '3cf17266-3473-4006-984f-9325122678b7', '380d2264-d4d7-444a-9f7a-ebca216bc67e', 'eb06041e-8483-44bd-a5a2-6dd48651a1f2', 'uuid-00-contact', 0);
INSERT INTO public.relationships (relationship_id, account_id, src_entity_id, dst_entity_id, field_id, type) VALUES ('9d0c4b9a-bcf7-48c4-a09d-4a0b1f49df76', '3cf17266-3473-4006-984f-9325122678b7', 'eb06041e-8483-44bd-a5a2-6dd48651a1f2', 'dfa4fa7c-4069-4db2-b4c1-5e16f57daa9f', 'uuid-00-status', 1);
INSERT INTO public.relationships (relationship_id, account_id, src_entity_id, dst_entity_id, field_id, type) VALUES ('9f708028-fd83-4822-bca5-1c19dfda01d8', '3cf17266-3473-4006-984f-9325122678b7', '903ec14f-4495-4f7f-9a88-50d1fb12f95d', '380d2264-d4d7-444a-9f7a-ebca216bc67e', 'uuid-00-contact', 0);
INSERT INTO public.relationships (relationship_id, account_id, src_entity_id, dst_entity_id, field_id, type) VALUES ('9f708028-fd83-4822-bca5-1c19dfda01d8', '3cf17266-3473-4006-984f-9325122678b7', '380d2264-d4d7-444a-9f7a-ebca216bc67e', '903ec14f-4495-4f7f-9a88-50d1fb12f95d', 'uuid-00-contact', 0);
INSERT INTO public.relationships (relationship_id, account_id, src_entity_id, dst_entity_id, field_id, type) VALUES ('a0638c91-2692-4329-8ad1-3c0b0cc332cf', '3cf17266-3473-4006-984f-9325122678b7', '903ec14f-4495-4f7f-9a88-50d1fb12f95d', '3b8d66dd-918b-489b-a9ff-136931fe826d', 'uuid-00-deal', 0);
INSERT INTO public.relationships (relationship_id, account_id, src_entity_id, dst_entity_id, field_id, type) VALUES ('a0638c91-2692-4329-8ad1-3c0b0cc332cf', '3cf17266-3473-4006-984f-9325122678b7', '3b8d66dd-918b-489b-a9ff-136931fe826d', '903ec14f-4495-4f7f-9a88-50d1fb12f95d', 'uuid-00-deal', 0);
INSERT INTO public.relationships (relationship_id, account_id, src_entity_id, dst_entity_id, field_id, type) VALUES ('7e2f921e-7d02-48ff-ade1-0d2b2355e6c8', '3cf17266-3473-4006-984f-9325122678b7', '903ec14f-4495-4f7f-9a88-50d1fb12f95d', '6a5b8d94-3b4a-494e-ac74-1293a5cb7613', 'uuid-00-company', 0);
INSERT INTO public.relationships (relationship_id, account_id, src_entity_id, dst_entity_id, field_id, type) VALUES ('7e2f921e-7d02-48ff-ade1-0d2b2355e6c8', '3cf17266-3473-4006-984f-9325122678b7', '6a5b8d94-3b4a-494e-ac74-1293a5cb7613', '903ec14f-4495-4f7f-9a88-50d1fb12f95d', 'uuid-00-company', 0);
INSERT INTO public.relationships (relationship_id, account_id, src_entity_id, dst_entity_id, field_id, type) VALUES ('d82a4d28-e036-46e1-a05c-662f9ab79e4c', '3cf17266-3473-4006-984f-9325122678b7', 'ad43ba7a-53de-4829-9f1c-163dd598c73e', '380d2264-d4d7-444a-9f7a-ebca216bc67e', 'uuid-00-contact', 0);
INSERT INTO public.relationships (relationship_id, account_id, src_entity_id, dst_entity_id, field_id, type) VALUES ('d82a4d28-e036-46e1-a05c-662f9ab79e4c', '3cf17266-3473-4006-984f-9325122678b7', '380d2264-d4d7-444a-9f7a-ebca216bc67e', 'ad43ba7a-53de-4829-9f1c-163dd598c73e', 'uuid-00-contact', 0);
INSERT INTO public.relationships (relationship_id, account_id, src_entity_id, dst_entity_id, field_id, type) VALUES ('a8410f38-56a2-4261-91bf-0a5f1ee272df', '3cf17266-3473-4006-984f-9325122678b7', 'ad43ba7a-53de-4829-9f1c-163dd598c73e', '3b8d66dd-918b-489b-a9ff-136931fe826d', 'uuid-00-deal', 0);
INSERT INTO public.relationships (relationship_id, account_id, src_entity_id, dst_entity_id, field_id, type) VALUES ('a8410f38-56a2-4261-91bf-0a5f1ee272df', '3cf17266-3473-4006-984f-9325122678b7', '3b8d66dd-918b-489b-a9ff-136931fe826d', 'ad43ba7a-53de-4829-9f1c-163dd598c73e', 'uuid-00-deal', 0);
INSERT INTO public.relationships (relationship_id, account_id, src_entity_id, dst_entity_id, field_id, type) VALUES ('f4969858-4b56-455a-9fce-d0df9e18d093', '3cf17266-3473-4006-984f-9325122678b7', 'ad43ba7a-53de-4829-9f1c-163dd598c73e', '6a5b8d94-3b4a-494e-ac74-1293a5cb7613', 'uuid-00-company', 0);
INSERT INTO public.relationships (relationship_id, account_id, src_entity_id, dst_entity_id, field_id, type) VALUES ('f4969858-4b56-455a-9fce-d0df9e18d093', '3cf17266-3473-4006-984f-9325122678b7', '6a5b8d94-3b4a-494e-ac74-1293a5cb7613', 'ad43ba7a-53de-4829-9f1c-163dd598c73e', 'uuid-00-company', 0);
INSERT INTO public.relationships (relationship_id, account_id, src_entity_id, dst_entity_id, field_id, type) VALUES ('18557c71-c5b8-4235-af68-4c769eb36f15', '3cf17266-3473-4006-984f-9325122678b7', '42a91b1f-cfad-4012-898d-f9d875f6bcca', 'dfa4fa7c-4069-4db2-b4c1-5e16f57daa9f', 'uuid-00-status', 1);
INSERT INTO public.relationships (relationship_id, account_id, src_entity_id, dst_entity_id, field_id, type) VALUES ('805bd186-b610-4401-8853-013f20795fc4', '3cf17266-3473-4006-984f-9325122678b7', '42a91b1f-cfad-4012-898d-f9d875f6bcca', '380d2264-d4d7-444a-9f7a-ebca216bc67e', 'uuid-00-contact', 0);
INSERT INTO public.relationships (relationship_id, account_id, src_entity_id, dst_entity_id, field_id, type) VALUES ('805bd186-b610-4401-8853-013f20795fc4', '3cf17266-3473-4006-984f-9325122678b7', '380d2264-d4d7-444a-9f7a-ebca216bc67e', '42a91b1f-cfad-4012-898d-f9d875f6bcca', 'uuid-00-contact', 0);
INSERT INTO public.relationships (relationship_id, account_id, src_entity_id, dst_entity_id, field_id, type) VALUES ('b192e897-57aa-4177-8faa-a95dee3d259c', '3cf17266-3473-4006-984f-9325122678b7', '42a91b1f-cfad-4012-898d-f9d875f6bcca', '6a5b8d94-3b4a-494e-ac74-1293a5cb7613', 'uuid-00-company', 0);
INSERT INTO public.relationships (relationship_id, account_id, src_entity_id, dst_entity_id, field_id, type) VALUES ('b192e897-57aa-4177-8faa-a95dee3d259c', '3cf17266-3473-4006-984f-9325122678b7', '6a5b8d94-3b4a-494e-ac74-1293a5cb7613', '42a91b1f-cfad-4012-898d-f9d875f6bcca', 'uuid-00-company', 0);
INSERT INTO public.relationships (relationship_id, account_id, src_entity_id, dst_entity_id, field_id, type) VALUES ('bd15dca7-2963-4b34-bb08-14a53620dab5', '3cf17266-3473-4006-984f-9325122678b7', '380d2264-d4d7-444a-9f7a-ebca216bc67e', '6a5b8d94-3b4a-494e-ac74-1293a5cb7613', '00000000-0000-0000-0000-000000000000', 0);
INSERT INTO public.relationships (relationship_id, account_id, src_entity_id, dst_entity_id, field_id, type) VALUES ('bd15dca7-2963-4b34-bb08-14a53620dab5', '3cf17266-3473-4006-984f-9325122678b7', '6a5b8d94-3b4a-494e-ac74-1293a5cb7613', '380d2264-d4d7-444a-9f7a-ebca216bc67e', '00000000-0000-0000-0000-000000000000', 0);
INSERT INTO public.relationships (relationship_id, account_id, src_entity_id, dst_entity_id, field_id, type) VALUES ('14ce6883-17f2-4ecb-8e2b-28b8b2d82a0a', '3cf17266-3473-4006-984f-9325122678b7', '42a91b1f-cfad-4012-898d-f9d875f6bcca', '3b8d66dd-918b-489b-a9ff-136931fe826d', '00000000-0000-0000-0000-000000000000', 0);
INSERT INTO public.relationships (relationship_id, account_id, src_entity_id, dst_entity_id, field_id, type) VALUES ('14ce6883-17f2-4ecb-8e2b-28b8b2d82a0a', '3cf17266-3473-4006-984f-9325122678b7', '3b8d66dd-918b-489b-a9ff-136931fe826d', '42a91b1f-cfad-4012-898d-f9d875f6bcca', '00000000-0000-0000-0000-000000000000', 0);
INSERT INTO public.relationships (relationship_id, account_id, src_entity_id, dst_entity_id, field_id, type) VALUES ('0cd4faeb-5876-428f-83b9-a6f30154c39a', '3cf17266-3473-4006-984f-9325122678b7', '39b6aa18-6784-42ed-a854-22fd23d34cf4', '380d2264-d4d7-444a-9f7a-ebca216bc67e', 'de5ede37-29a4-4269-8761-5c25ab328c84', 0);
INSERT INTO public.relationships (relationship_id, account_id, src_entity_id, dst_entity_id, field_id, type) VALUES ('0cd4faeb-5876-428f-83b9-a6f30154c39a', '3cf17266-3473-4006-984f-9325122678b7', '380d2264-d4d7-444a-9f7a-ebca216bc67e', '39b6aa18-6784-42ed-a854-22fd23d34cf4', 'de5ede37-29a4-4269-8761-5c25ab328c84', 0);
INSERT INTO public.relationships (relationship_id, account_id, src_entity_id, dst_entity_id, field_id, type) VALUES ('0da68238-469d-4e84-bce9-9b642607cc55', '3cf17266-3473-4006-984f-9325122678b7', '3b8d66dd-918b-489b-a9ff-136931fe826d', '39b6aa18-6784-42ed-a854-22fd23d34cf4', '00000000-0000-0000-0000-000000000000', 0);
INSERT INTO public.relationships (relationship_id, account_id, src_entity_id, dst_entity_id, field_id, type) VALUES ('0da68238-469d-4e84-bce9-9b642607cc55', '3cf17266-3473-4006-984f-9325122678b7', '39b6aa18-6784-42ed-a854-22fd23d34cf4', '3b8d66dd-918b-489b-a9ff-136931fe826d', '00000000-0000-0000-0000-000000000000', 0);


--
-- Data for Name: users; Type: TABLE DATA; Schema: public; Owner: postgres
--

INSERT INTO public.users (user_id, account_ids, name, avatar, email, phone, verified, roles, password_hash, provider, issued_at, created_at, updated_at) VALUES ('45b5fbd3-755f-4379-8f07-a58d4a30fa2f', '{3cf17266-3473-4006-984f-9325122678b7}', 'vijay', 'http://gravatar/vj', 'vijayasankarj@gmail.com', '9940209164', true, '{USER}', 'Zyg2U2ogVEafE7aaXXeQpYsI9G33', 'firebase', '2019-11-20 00:00:00', '2019-11-20 00:00:00', 1574239364000);
INSERT INTO public.users (user_id, account_ids, name, avatar, email, phone, verified, roles, password_hash, provider, issued_at, created_at, updated_at) VALUES ('55b5fbd3-755f-4379-8f07-a58d4a30fa2f', '{3cf17266-3473-4006-984f-9325122678b7}', 'senthil', 'http://gravatar/vj', 'sksenthilkumaar@gmail.com', '9940209164', true, '{USER}', 'sk_replacetokenhere', 'firebase', '2019-11-20 00:00:00', '2019-11-20 00:00:00', 1574239364000);
INSERT INTO public.users (user_id, account_ids, name, avatar, email, phone, verified, roles, password_hash, provider, issued_at, created_at, updated_at) VALUES ('65b5fbd3-755f-4379-8f07-a58d4a30fa2f', '{3cf17266-3473-4006-984f-9325122678b7}', 'saravana', 'http://gravatar/vj', 'saravanaprakas@gmail.com', '9940209164', true, '{USER}', 'sexy_replacetokenhere', 'firebase', '2019-11-20 00:00:00', '2019-11-20 00:00:00', 1574239364000);
INSERT INTO public.users (user_id, account_ids, name, avatar, email, phone, verified, roles, password_hash, provider, issued_at, created_at, updated_at) VALUES ('5cf37266-3473-4006-984f-9325122678b7', '{3cf27266-3473-4006-984f-9325122678b7,3cf17266-3473-4006-984f-9325122678b7}', 'sankar', 'http://gravatar/vj', 'vijayasankarmail@gmail.com', '9944293499', true, '{ADMIN,USER}', 'MYmfEIgwFYWrlKaDNJ0O3UNJSPg2', 'firebase', '2019-11-20 00:00:00', '2019-11-20 00:00:00', 1617862744);


--
-- PostgreSQL database dump complete
--

