--
-- PostgreSQL database dump
--

-- Dumped from database version 9.5.19
-- Dumped by pg_dump version 9.5.19

SET statement_timeout = 0;
SET lock_timeout = 0;
SET client_encoding = 'UTF8';
SET standard_conforming_strings = on;
SELECT pg_catalog.set_config('search_path', '', false);
SET check_function_bodies = false;
SET xmloption = content;
SET client_min_messages = warning;
SET row_security = off;

--
-- Data for Name: accounts; Type: TABLE DATA; Schema: public; Owner: postgres
--

INSERT INTO public.accounts (account_id, parent_account_id, name, domain, avatar, plan, mode, timezone, language, country, issued_at, expiry, created_at, updated_at) VALUES ('3cf27266-3473-4006-984f-9325122678b7', NULL, 'Wayplot', 'wayplot.com', NULL, 0, 0, NULL, NULL, NULL, '2021-01-04 11:41:32.692487', '2021-01-04 11:41:32.692487', '2021-01-04 11:41:32.692487', 1609760492);


--
-- Data for Name: teams; Type: TABLE DATA; Schema: public; Owner: postgres
--

INSERT INTO public.teams (team_id, account_id, name, description, created_at, updated_at) VALUES ('8cf27268-3473-4006-984f-9325122678b7', '3cf27266-3473-4006-984f-9325122678b7', 'CRM', '', '2021-01-04 11:41:32.69421', 1609760492);


--
-- Data for Name: entities; Type: TABLE DATA; Schema: public; Owner: postgres
--

INSERT INTO public.entities (entity_id, account_id, team_id, name, display_name, category, state, status, fieldsb, tags, created_at, updated_at) VALUES ('39f5f6c3-21f6-4479-ba88-f8c3ed840c7b', '3cf27266-3473-4006-984f-9325122678b7', '8cf27268-3473-4006-984f-9325122678b7', '', 'Delay Timer', 7, 0, 0, '[{"key": "uuid-00-delay-by", "meta": null, "name": "delay_by", "field": null, "value": null, "ref_id": "", "choices": null, "dom_type": "TE", "action_id": "", "data_type": "T", "display_name": ""}, {"key": "uuid-00-repeat", "meta": null, "name": "repeat", "field": null, "value": "true", "ref_id": "", "choices": null, "dom_type": "TE", "action_id": "", "data_type": "S", "display_name": ""}]', NULL, '2021-01-04 11:41:36.147221', 1609760496);
INSERT INTO public.entities (entity_id, account_id, team_id, name, display_name, category, state, status, fieldsb, tags, created_at, updated_at) VALUES ('76c6fc10-282b-4efd-85a6-b8d5d6dd3ecf', '3cf27266-3473-4006-984f-9325122678b7', '8cf27268-3473-4006-984f-9325122678b7', '', 'Deals', 1, 0, 0, '[{"key": "uuid-00-deal-name", "meta": null, "name": "deal_name", "field": null, "value": null, "ref_id": "", "choices": null, "dom_type": "TE", "action_id": "", "data_type": "S", "display_name": "Deal Name"}, {"key": "uuid-00-deal-amount", "meta": null, "name": "deal_amount", "field": null, "value": null, "ref_id": "", "choices": null, "dom_type": "TE", "action_id": "", "data_type": "N", "display_name": "Deal Amount"}, {"key": "uuid-00-contacts", "meta": {"display_gex": "uuid-00-fname"}, "name": "contact", "field": {"key": "id", "meta": null, "name": "", "field": null, "value": "--", "ref_id": "", "choices": null, "dom_type": "", "action_id": "", "data_type": "S", "display_name": ""}, "value": null, "ref_id": "ded73f19-06e9-4229-a155-cdb7f04bd004", "choices": null, "dom_type": "MS", "action_id": "", "data_type": "R", "display_name": "Associated Contacts"}, {"key": "uuid-00-pipe", "meta": {"display_gex": "uuid-00-fname"}, "name": "pipeline_stage", "field": {"key": "id", "meta": null, "name": "", "field": null, "value": "--", "ref_id": "", "choices": null, "dom_type": "", "action_id": "", "data_type": "S", "display_name": ""}, "value": null, "ref_id": "0dc63178-115b-4db2-a1ac-cf1550d82e67", "choices": null, "dom_type": "PL", "action_id": "", "data_type": "O", "display_name": "Pipeline Stage"}]', NULL, '2021-01-04 11:41:36.154341', 1609760496);
INSERT INTO public.entities (entity_id, account_id, team_id, name, display_name, category, state, status, fieldsb, tags, created_at, updated_at) VALUES ('2b66ceac-513f-4e0d-b1cd-7cc6d5acf36f', '3cf27266-3473-4006-984f-9325122678b7', '8cf27268-3473-4006-984f-9325122678b7', '', 'Tickets', 1, 0, 0, '[{"key": "uuid-00-subject", "meta": null, "name": "name", "field": null, "value": null, "ref_id": "", "choices": null, "dom_type": "TE", "action_id": "", "data_type": "S", "display_name": "Name"}, {"key": "uuid-00-status", "meta": {"display_gex": "uuid-00-name"}, "name": "status", "field": {"key": "id", "meta": null, "name": "", "field": null, "value": "--", "ref_id": "", "choices": null, "dom_type": "", "action_id": "", "data_type": "S", "display_name": ""}, "value": null, "ref_id": "fa8cb38e-e587-40be-abb8-48351df0e939", "choices": null, "dom_type": "SE", "action_id": "", "data_type": "R", "display_name": "Status"}]', NULL, '2021-01-04 11:41:36.157297', 1609760496);
INSERT INTO public.entities (entity_id, account_id, team_id, name, display_name, category, state, status, fieldsb, tags, created_at, updated_at) VALUES ('29a4d91c-b114-4e48-855a-fbbfaae66d0f', '3cf27266-3473-4006-984f-9325122678b7', '8cf27268-3473-4006-984f-9325122678b7', 'owners', 'Owners', 5, 0, 0, '[{"key": "7b449fe5-fc77-4df8-b30f-9fa4e5074efe", "meta": null, "name": "user_id", "field": null, "value": null, "ref_id": "", "choices": null, "dom_type": "NA", "action_id": "", "data_type": "S", "display_name": "User ID"}, {"key": "de441438-4a4c-4bb4-ac97-a569cb281a7e", "meta": null, "name": "name", "field": null, "value": null, "ref_id": "", "choices": null, "dom_type": "TE", "action_id": "", "data_type": "S", "display_name": "Name"}, {"key": "b4e56ac1-cd09-43d9-a11b-e21d503a789c", "meta": null, "name": "avatar", "field": null, "value": null, "ref_id": "", "choices": null, "dom_type": "TE", "action_id": "", "data_type": "S", "display_name": "Avatar"}, {"key": "29071194-774e-4cff-be26-43dcab903228", "meta": null, "name": "email", "field": null, "value": null, "ref_id": "", "choices": null, "dom_type": "TE", "action_id": "", "data_type": "S", "display_name": "Email"}, {"key": "8dc50857-bf48-4827-a185-00b0c5e26e56", "meta": null, "name": "gtoken", "field": null, "value": null, "ref_id": "", "choices": null, "dom_type": "NA", "action_id": "", "data_type": "S", "display_name": ""}]', NULL, '2021-01-04 11:41:32.69547', 1609760492);
INSERT INTO public.entities (entity_id, account_id, team_id, name, display_name, category, state, status, fieldsb, tags, created_at, updated_at) VALUES ('fa8cb38e-e587-40be-abb8-48351df0e939', '3cf27266-3473-4006-984f-9325122678b7', '8cf27268-3473-4006-984f-9325122678b7', '', 'Status', 8, 0, 0, '[{"key": "uuid-00-name", "meta": null, "name": "name", "field": null, "value": null, "ref_id": "", "choices": null, "dom_type": "TE", "action_id": "", "data_type": "S", "display_name": "Name"}, {"key": "uuid-00-color", "meta": null, "name": "color", "field": null, "value": null, "ref_id": "", "choices": null, "dom_type": "TE", "action_id": "", "data_type": "S", "display_name": "Color"}]', NULL, '2021-01-04 11:41:36.113634', 1609760496);
INSERT INTO public.entities (entity_id, account_id, team_id, name, display_name, category, state, status, fieldsb, tags, created_at, updated_at) VALUES ('ded73f19-06e9-4229-a155-cdb7f04bd004', '3cf27266-3473-4006-984f-9325122678b7', '8cf27268-3473-4006-984f-9325122678b7', '', 'Contacts', 1, 0, 0, '[{"key": "uuid-00-fname", "meta": {"layout": "title"}, "name": "first_name", "field": null, "value": null, "ref_id": "", "choices": null, "dom_type": "TE", "action_id": "", "data_type": "S", "display_name": "First Name"}, {"key": "uuid-00-email", "meta": {"layout": "sub-title"}, "name": "email", "field": null, "value": null, "ref_id": "", "choices": null, "dom_type": "TE", "action_id": "", "data_type": "S", "display_name": "Email"}, {"key": "uuid-00-mobile-numbers", "meta": null, "name": "mobile_numbers", "field": {"key": "", "meta": null, "name": "", "field": null, "value": null, "ref_id": "", "choices": null, "dom_type": "", "action_id": "", "data_type": "S", "display_name": ""}, "value": null, "ref_id": "", "choices": null, "dom_type": "MS", "action_id": "", "data_type": "L", "display_name": "Mobile Numbers"}, {"key": "uuid-00-nps-score", "meta": null, "name": "nps_score", "field": null, "value": null, "ref_id": "", "choices": null, "dom_type": "", "action_id": "", "data_type": "N", "display_name": "NPS Score"}, {"key": "uuid-00-lf-stage", "meta": null, "name": "lifecycle_stage", "field": null, "value": null, "ref_id": "", "choices": [{"id": "1", "expression": "", "display_value": "Lead"}, {"id": "2", "expression": "", "display_value": "Contact"}], "dom_type": "SE", "action_id": "", "data_type": "S", "display_name": "Lifecycle Stage"}, {"key": "uuid-00-status", "meta": {"display_gex": "uuid-00-name"}, "name": "status", "field": {"key": "id", "meta": null, "name": "", "field": null, "value": "--", "ref_id": "", "choices": null, "dom_type": "", "action_id": "", "data_type": "S", "display_name": ""}, "value": null, "ref_id": "fa8cb38e-e587-40be-abb8-48351df0e939", "choices": null, "dom_type": "SE", "action_id": "", "data_type": "R", "display_name": "Status"}, {"key": "uuid-00-owner", "meta": {"display_gex": "name"}, "name": "owner", "field": {"key": "id", "meta": null, "name": "", "field": null, "value": "--", "ref_id": "", "choices": null, "dom_type": "", "action_id": "", "data_type": "S", "display_name": ""}, "value": null, "ref_id": "29a4d91c-b114-4e48-855a-fbbfaae66d0f", "choices": null, "dom_type": "AC", "action_id": "", "data_type": "R", "display_name": "Owner"}]', NULL, '2021-01-04 11:41:36.12015', 1609760496);
INSERT INTO public.entities (entity_id, account_id, team_id, name, display_name, category, state, status, fieldsb, tags, created_at, updated_at) VALUES ('c50ea109-8a25-4252-9491-abbda00f2c31', '3cf27266-3473-4006-984f-9325122678b7', '8cf27268-3473-4006-984f-9325122678b7', '', 'Companies', 1, 0, 0, '[{"key": "uuid-00-name", "meta": null, "name": "name", "field": null, "value": null, "ref_id": "", "choices": null, "dom_type": "TE", "action_id": "", "data_type": "S", "display_name": "Name"}, {"key": "uuid-00-website", "meta": null, "name": "website", "field": null, "value": null, "ref_id": "", "choices": null, "dom_type": "TE", "action_id": "", "data_type": "S", "display_name": "Website"}]', NULL, '2021-01-04 11:41:36.126635', 1609760496);
INSERT INTO public.entities (entity_id, account_id, team_id, name, display_name, category, state, status, fieldsb, tags, created_at, updated_at) VALUES ('f4b0580e-3eee-457c-9907-762fbca1f223', '3cf27266-3473-4006-984f-9325122678b7', '8cf27268-3473-4006-984f-9325122678b7', '', 'Tasks', 1, 0, 0, '[{"key": "uuid-00-desc", "meta": null, "name": "desc", "field": null, "value": null, "ref_id": "", "choices": null, "dom_type": "TE", "action_id": "", "data_type": "S", "display_name": "Notes"}, {"key": "uuid-00-contact", "meta": {"display_gex": "uuid-00-fname"}, "name": "contact", "field": {"key": "id", "meta": null, "name": "", "field": null, "value": "--", "ref_id": "", "choices": null, "dom_type": "", "action_id": "", "data_type": "S", "display_name": ""}, "value": null, "ref_id": "ded73f19-06e9-4229-a155-cdb7f04bd004", "choices": null, "dom_type": "AC", "action_id": "", "data_type": "R", "display_name": "Associated To"}, {"key": "uuid-00-status", "meta": {"display_gex": "uuid-00-name"}, "name": "status", "field": {"key": "id", "meta": null, "name": "", "field": null, "value": "--", "ref_id": "", "choices": null, "dom_type": "", "action_id": "", "data_type": "S", "display_name": ""}, "value": null, "ref_id": "fa8cb38e-e587-40be-abb8-48351df0e939", "choices": [{"id": "bec62442-fd09-4203-bb5e-136cd43ca14e", "expression": "{{self.uuid-00-due-by}} af {now}", "display_value": null}, {"id": "7208bfc8-0d27-4176-9ffc-bf0d702adaa1", "expression": "{{self.uuid-00-due-by}} bf {now}", "display_value": null}], "dom_type": "AS", "action_id": "", "data_type": "R", "display_name": "Status"}, {"key": "uuid-00-due-by", "meta": null, "name": "due_by", "field": null, "value": null, "ref_id": "", "choices": null, "dom_type": "TE", "action_id": "", "data_type": "T", "display_name": "Due By"}, {"key": "uuid-00-reminder", "meta": null, "name": "reminder", "field": null, "value": null, "ref_id": "", "choices": null, "dom_type": "TE", "action_id": "uuid-00-contact", "data_type": "T", "display_name": "Reminder"}]', NULL, '2021-01-04 11:41:36.12983', 1609760496);
INSERT INTO public.entities (entity_id, account_id, team_id, name, display_name, category, state, status, fieldsb, tags, created_at, updated_at) VALUES ('abfe25a3-102e-428a-98e0-ecd800090204', '3cf27266-3473-4006-984f-9325122678b7', '8cf27268-3473-4006-984f-9325122678b7', '', 'MailGun Intg', 4, 0, 0, '[{"key": "uuid-00-domain", "meta": {"config": "true"}, "name": "domain", "field": null, "value": "sandbox3ab4868d173f4391805389718914b89c.mailgun.org", "ref_id": "", "choices": null, "dom_type": "TE", "action_id": "", "data_type": "S", "display_name": "Domain"}, {"key": "uuid-00-api-key", "meta": {"config": "true"}, "name": "api_key", "field": null, "value": "9c2d8fbbab5c0ca5de49089c1e9777b3-7fba8a4e-b5d71e35", "ref_id": "", "choices": null, "dom_type": "TE", "action_id": "", "data_type": "S", "display_name": "Key"}, {"key": "uuid-00-sender", "meta": null, "name": "sender", "field": null, "value": "vijayasankar.jothi@wayplot.com", "ref_id": "", "choices": null, "dom_type": "TE", "action_id": "", "data_type": "S", "display_name": "Sender Email"}, {"key": "uuid-00-to", "meta": null, "name": "to", "field": null, "value": "", "ref_id": "", "choices": null, "dom_type": "TE", "action_id": "", "data_type": "S", "display_name": "To Email"}, {"key": "uuid-00-cc", "meta": null, "name": "cc", "field": null, "value": "", "ref_id": "", "choices": null, "dom_type": "TE", "action_id": "", "data_type": "S", "display_name": "Cc Email"}, {"key": "uuid-00-subject", "meta": null, "name": "subject", "field": null, "value": "", "ref_id": "", "choices": null, "dom_type": "TE", "action_id": "", "data_type": "S", "display_name": "Subject"}, {"key": "uuid-00-body", "meta": null, "name": "body", "field": null, "value": "", "ref_id": "", "choices": null, "dom_type": "TE", "action_id": "", "data_type": "S", "display_name": "Body"}]', NULL, '2021-01-04 11:41:36.138577', 1609760496);
INSERT INTO public.entities (entity_id, account_id, team_id, name, display_name, category, state, status, fieldsb, tags, created_at, updated_at) VALUES ('1eeb2a4a-35e9-492b-bb84-79d0b866c02c', '3cf27266-3473-4006-984f-9325122678b7', '8cf27268-3473-4006-984f-9325122678b7', '', 'WebHook', 2, 0, 0, '[{"key": "uuid-00-path", "meta": null, "name": "path", "field": null, "value": "/actuator/info", "ref_id": "", "choices": null, "dom_type": "TE", "action_id": "", "data_type": "S", "display_name": ""}, {"key": "uuid-00-host", "meta": null, "name": "host", "field": null, "value": "https://stage.freshcontacts.io", "ref_id": "", "choices": null, "dom_type": "TE", "action_id": "", "data_type": "S", "display_name": ""}, {"key": "uuid-00-method", "meta": null, "name": "method", "field": null, "value": "GET", "ref_id": "", "choices": null, "dom_type": "TE", "action_id": "", "data_type": "S", "display_name": ""}, {"key": "uuid-00-headers", "meta": null, "name": "headers", "field": null, "value": "{\"X-ClientToken\":\"mcr eyJhbGciOiJIUzI1NiIsInR5cCI6IkpXVCJ9.eyJleHAiOjExNTc2NTAwMjk2fQ.1KtXw_YgxbJW8ibv_v2hfpInjQKC6enCh9IO1ziV2RA\"}", "ref_id": "", "choices": null, "dom_type": "TE", "action_id": "", "data_type": "S", "display_name": ""}]', NULL, '2021-01-04 11:41:36.14152', 1609760496);


--
-- Data for Name: flows; Type: TABLE DATA; Schema: public; Owner: postgres
--

INSERT INTO public.flows (flow_id, account_id, entity_id, expression, name, description, mode, type, condition, status, created_at, updated_at) VALUES ('0dc63178-115b-4db2-a1ac-cf1550d82e67', '3cf27266-3473-4006-984f-9325122678b7', 'ded73f19-06e9-4229-a155-cdb7f04bd004', '{{ded73f19-06e9-4229-a155-cdb7f04bd004.uuid-00-fname}} eq {Vijay} && {{ded73f19-06e9-4229-a155-cdb7f04bd004.uuid-00-nps-score}} gt {98}', 'Sales Pipeline', '', 1, 0, 1, 0, '2021-01-04 11:41:36.150252', 1609760496);


--
-- Data for Name: items; Type: TABLE DATA; Schema: public; Owner: postgres
--

INSERT INTO public.items (item_id, account_id, entity_id, state, fieldsb, created_at, updated_at) VALUES ('bec62442-fd09-4203-bb5e-136cd43ca14e', '3cf27266-3473-4006-984f-9325122678b7', 'fa8cb38e-e587-40be-abb8-48351df0e939', 0, '{"uuid-00-name": "Open", "uuid-00-color": "#fb667e"}', '2021-01-04 11:41:36.116391', 1609760496);
INSERT INTO public.items (item_id, account_id, entity_id, state, fieldsb, created_at, updated_at) VALUES ('7e0d5b56-ba30-4b92-935c-ba7ad2cea3a2', '3cf27266-3473-4006-984f-9325122678b7', 'fa8cb38e-e587-40be-abb8-48351df0e939', 0, '{"uuid-00-name": "Closed", "uuid-00-color": "#66fb99"}', '2021-01-04 11:41:36.118158', 1609760496);
INSERT INTO public.items (item_id, account_id, entity_id, state, fieldsb, created_at, updated_at) VALUES ('7208bfc8-0d27-4176-9ffc-bf0d702adaa1', '3cf27266-3473-4006-984f-9325122678b7', 'fa8cb38e-e587-40be-abb8-48351df0e939', 0, '{"uuid-00-name": "OverDue", "uuid-00-color": "#66fb99"}', '2021-01-04 11:41:36.119255', 1609760496);
INSERT INTO public.items (item_id, account_id, entity_id, state, fieldsb, created_at, updated_at) VALUES ('c5cd2eee-03c6-4af8-99f2-69081d068778', '3cf27266-3473-4006-984f-9325122678b7', 'ded73f19-06e9-4229-a155-cdb7f04bd004', 0, '{"uuid-00-email": "vijayasankarmail@gmail.com", "uuid-00-fname": "Vijay", "uuid-00-owner": [], "uuid-00-status": ["bec62442-fd09-4203-bb5e-136cd43ca14e"], "uuid-00-lf-stage": "lead", "uuid-00-nps-score": 100, "uuid-00-mobile-numbers": ["9944293499", "9940209164"]}', '2021-01-04 11:41:36.122298', 1609760496);
INSERT INTO public.items (item_id, account_id, entity_id, state, fieldsb, created_at, updated_at) VALUES ('46c65106-ac86-4901-b348-e5d9cf9ae27c', '3cf27266-3473-4006-984f-9325122678b7', 'ded73f19-06e9-4229-a155-cdb7f04bd004', 0, '{"uuid-00-email": "vijayasankarmail@gmail.com", "uuid-00-fname": "Senthil", "uuid-00-owner": [], "uuid-00-status": ["7e0d5b56-ba30-4b92-935c-ba7ad2cea3a2"], "uuid-00-lf-stage": "lead", "uuid-00-nps-score": 100, "uuid-00-mobile-numbers": ["9944293499", "9940209164"]}', '2021-01-04 11:41:36.12423', 1609760496);
INSERT INTO public.items (item_id, account_id, entity_id, state, fieldsb, created_at, updated_at) VALUES ('ce85d1db-1ed4-4f65-be2d-b8f26ab1ee3d', '3cf27266-3473-4006-984f-9325122678b7', 'c50ea109-8a25-4252-9491-abbda00f2c31', 0, '{"uuid-00-name": "Zoho", "uuid-00-website": "zoho.com"}', '2021-01-04 11:41:36.128254', 1609760496);
INSERT INTO public.items (item_id, account_id, entity_id, state, fieldsb, created_at, updated_at) VALUES ('4766b875-6334-4d5a-905d-22486f07ae0c', '3cf27266-3473-4006-984f-9325122678b7', 'f4b0580e-3eee-457c-9907-762fbca1f223', 0, '{"uuid-00-desc": "make cake", "uuid-00-due-by": "2021-01-04 17:11:36 +0530", "uuid-00-status": [], "uuid-00-contact": ["c5cd2eee-03c6-4af8-99f2-69081d068778"], "uuid-00-reminder": "2021-01-04 17:11:36 +0530"}', '2021-01-04 11:41:36.133997', 1609760496);
INSERT INTO public.items (item_id, account_id, entity_id, state, fieldsb, created_at, updated_at) VALUES ('182a9cf2-ab3e-478d-b633-b2b788809778', '3cf27266-3473-4006-984f-9325122678b7', 'f4b0580e-3eee-457c-9907-762fbca1f223', 0, '{"uuid-00-desc": "make call", "uuid-00-due-by": "2021-01-04 17:11:36 +0530", "uuid-00-status": [], "uuid-00-contact": ["c5cd2eee-03c6-4af8-99f2-69081d068778"], "uuid-00-reminder": "2021-01-04 17:11:36 +0530"}', '2021-01-04 11:41:36.136312', 1609760496);
INSERT INTO public.items (item_id, account_id, entity_id, state, fieldsb, created_at, updated_at) VALUES ('881291bd-8b72-433d-bb00-b944439a561c', '3cf27266-3473-4006-984f-9325122678b7', 'abfe25a3-102e-428a-98e0-ecd800090204', 0, '{"uuid-00-cc": "vijayasankarmobile@gmail.com", "uuid-00-to": "{{ded73f19-06e9-4229-a155-cdb7f04bd004.uuid-00-email}}", "uuid-00-body": "Hello {{ded73f19-06e9-4229-a155-cdb7f04bd004.uuid-00-fname}}", "uuid-00-domain": "sandbox3ab4868d173f4391805389718914b89c.mailgun.org", "uuid-00-sender": "vijayasankar.jothi@wayplot.com", "uuid-00-api-key": "9c2d8fbbab5c0ca5de49089c1e9777b3-7fba8a4e-b5d71e35", "uuid-00-subject": "This mail is sent you to tell that your NPS scrore is {{ded73f19-06e9-4229-a155-cdb7f04bd004.uuid-00-nps-score}}. We are very proud of you! "}', '2021-01-04 11:41:36.14011', 1609760496);
INSERT INTO public.items (item_id, account_id, entity_id, state, fieldsb, created_at, updated_at) VALUES ('bbb5cdf1-4e5b-47eb-ab7e-60e559432be7', '3cf27266-3473-4006-984f-9325122678b7', '39f5f6c3-21f6-4479-ba88-f8c3ed840c7b', 0, '{"uuid-00-repeat": "true", "uuid-00-delay-by": "2"}', '2021-01-04 11:41:36.149396', 1609760496);
INSERT INTO public.items (item_id, account_id, entity_id, state, fieldsb, created_at, updated_at) VALUES ('378ededb-98e8-4117-ac9e-2ec26d452ad8', '3cf27266-3473-4006-984f-9325122678b7', '76c6fc10-282b-4efd-85a6-b8d5d6dd3ecf', 0, '{"uuid-00-pipe": ["eff4262c-9b3f-4d29-91a0-3b4e37007996"], "uuid-00-contacts": ["c5cd2eee-03c6-4af8-99f2-69081d068778", "46c65106-ac86-4901-b348-e5d9cf9ae27c"], "uuid-00-deal-name": "Big Deal", "uuid-00-deal-amount": 1000}', '2021-01-04 11:41:36.155525', 1609760496);
INSERT INTO public.items (item_id, account_id, entity_id, state, fieldsb, created_at, updated_at) VALUES ('bba8afb4-fa7e-469c-a47e-735934f1ea8b', '3cf27266-3473-4006-984f-9325122678b7', '2b66ceac-513f-4e0d-b1cd-7cc6d5acf36f', 0, '{"uuid-00-status": ["bec62442-fd09-4203-bb5e-136cd43ca14e"], "uuid-00-subject": "My Laptop Is Not Working"}', '2021-01-04 11:41:36.158319', 1609760496);
INSERT INTO public.items (item_id, account_id, entity_id, state, fieldsb, created_at, updated_at) VALUES ('5cf37266-3473-4006-984f-9325122678b7', '3cf27266-3473-4006-984f-9325122678b7', '29a4d91c-b114-4e48-855a-fbbfaae66d0f', 0, '{"29071194-774e-4cff-be26-43dcab903228": "vijayasankarmail@gmail.com", "7b449fe5-fc77-4df8-b30f-9fa4e5074efe": "5cf37266-3473-4006-984f-9325122678b7", "8dc50857-bf48-4827-a185-00b0c5e26e56": "{\"access_token\":\"ya29.a0AfH6SMBwFeCQah2UWV_ia6U8GIytkmXrxmz61akGzN9kUk_xY5FsmmOacam-ZkIYR6ziMUG7kcjFCcKjBuyUy0i3tpqTM2ROo_Z5iPZJc3X8cu5TlY7ClQHbbim8yS0IhPQcL4NfQWLMEtbrpLheo8RchycgO7fvs-0u2F5fGfA\",\"token_type\":\"Bearer\",\"refresh_token\":\"1//0giH2c1GtB7htCgYIARAAGBASNwF-L9Irogtn8hYIsFftV5dJNJbEiLColO7ZC1bTHSXO38yfk1ixJCnCdR3XrmxIkJ74SlQjXZE\",\"expiry\":\"2021-01-09T16:08:46.501207+05:30\"}", "b4e56ac1-cd09-43d9-a11b-e21d503a789c": "http://gravatar/vj", "de441438-4a4c-4bb4-ac97-a569cb281a7e": "vijayasankar"}', '2021-01-04 11:41:32.696978', 1610185128);


--
-- Data for Name: active_flows; Type: TABLE DATA; Schema: public; Owner: postgres
--



--
-- Data for Name: nodes; Type: TABLE DATA; Schema: public; Owner: postgres
--

INSERT INTO public.nodes (node_id, parent_node_id, account_id, flow_id, actor_id, name, weight, type, expression, actuals, created_at, updated_at) VALUES ('eff4262c-9b3f-4d29-91a0-3b4e37007996', '00000000-0000-0000-0000-000000000000', '3cf27266-3473-4006-984f-9325122678b7', '0dc63178-115b-4db2-a1ac-cf1550d82e67', '00000000-0000-0000-0000-000000000000', 'Opputunity', 0, 7, '', '{}', '2021-01-04 11:41:36.151199', 1609760496);
INSERT INTO public.nodes (node_id, parent_node_id, account_id, flow_id, actor_id, name, weight, type, expression, actuals, created_at, updated_at) VALUES ('2a8a97ef-b8a9-4a2d-878b-a1ad139b5117', 'eff4262c-9b3f-4d29-91a0-3b4e37007996', '3cf27266-3473-4006-984f-9325122678b7', '0dc63178-115b-4db2-a1ac-cf1550d82e67', '00000000-0000-0000-0000-000000000000', 'Deal Won', 0, 7, '{Vijay} eq {Vijay}', '{}', '2021-01-04 11:41:36.152101', 1609760496);
INSERT INTO public.nodes (node_id, parent_node_id, account_id, flow_id, actor_id, name, weight, type, expression, actuals, created_at, updated_at) VALUES ('c8b15cac-4cd1-41b9-a04c-01f2bbcbc7af', 'eff4262c-9b3f-4d29-91a0-3b4e37007996', '3cf27266-3473-4006-984f-9325122678b7', '0dc63178-115b-4db2-a1ac-cf1550d82e67', 'abfe25a3-102e-428a-98e0-ecd800090204', '', 0, 3, '', '{"abfe25a3-102e-428a-98e0-ecd800090204": "881291bd-8b72-433d-bb00-b944439a561c"}', '2021-01-04 11:41:36.152688', 1609760496);
INSERT INTO public.nodes (node_id, parent_node_id, account_id, flow_id, actor_id, name, weight, type, expression, actuals, created_at, updated_at) VALUES ('f3b374b0-ae8a-4b0d-ba7d-7e4fc582ac78', 'eff4262c-9b3f-4d29-91a0-3b4e37007996', '3cf27266-3473-4006-984f-9325122678b7', '0dc63178-115b-4db2-a1ac-cf1550d82e67', '1eeb2a4a-35e9-492b-bb84-79d0b866c02c', '', 0, 4, '', '{}', '2021-01-04 11:41:36.153264', 1609760496);
INSERT INTO public.nodes (node_id, parent_node_id, account_id, flow_id, actor_id, name, weight, type, expression, actuals, created_at, updated_at) VALUES ('fc9aa2f4-d9c8-4f46-a327-ec6531700ea5', '2a8a97ef-b8a9-4a2d-878b-a1ad139b5117', '3cf27266-3473-4006-984f-9325122678b7', '0dc63178-115b-4db2-a1ac-cf1550d82e67', '39f5f6c3-21f6-4479-ba88-f8c3ed840c7b', '', 0, 6, '', '{"39f5f6c3-21f6-4479-ba88-f8c3ed840c7b": "bbb5cdf1-4e5b-47eb-ab7e-60e559432be7"}', '2021-01-04 11:41:36.153793', 1609760496);


--
-- Data for Name: active_nodes; Type: TABLE DATA; Schema: public; Owner: postgres
--



--
-- Data for Name: connections; Type: TABLE DATA; Schema: public; Owner: postgres
--

INSERT INTO public.connections (account_id, relationship_id, src_item_id, dst_item_id) VALUES ('3cf27266-3473-4006-984f-9325122678b7', 'd833e7c4-0e5f-4d65-9ea8-aeb6b699e49e', 'c5cd2eee-03c6-4af8-99f2-69081d068778', 'bec62442-fd09-4203-bb5e-136cd43ca14e');
INSERT INTO public.connections (account_id, relationship_id, src_item_id, dst_item_id) VALUES ('3cf27266-3473-4006-984f-9325122678b7', 'd833e7c4-0e5f-4d65-9ea8-aeb6b699e49e', '46c65106-ac86-4901-b348-e5d9cf9ae27c', '7e0d5b56-ba30-4b92-935c-ba7ad2cea3a2');
INSERT INTO public.connections (account_id, relationship_id, src_item_id, dst_item_id) VALUES ('3cf27266-3473-4006-984f-9325122678b7', 'b9f0269a-e031-4c7b-adbc-c49902c2578d', '4766b875-6334-4d5a-905d-22486f07ae0c', 'c5cd2eee-03c6-4af8-99f2-69081d068778');
INSERT INTO public.connections (account_id, relationship_id, src_item_id, dst_item_id) VALUES ('3cf27266-3473-4006-984f-9325122678b7', 'b9f0269a-e031-4c7b-adbc-c49902c2578d', '182a9cf2-ab3e-478d-b633-b2b788809778', 'c5cd2eee-03c6-4af8-99f2-69081d068778');
INSERT INTO public.connections (account_id, relationship_id, src_item_id, dst_item_id) VALUES ('3cf27266-3473-4006-984f-9325122678b7', '36a7d396-0368-45cc-a8d5-2fe94f4dfd52', '378ededb-98e8-4117-ac9e-2ec26d452ad8', 'c5cd2eee-03c6-4af8-99f2-69081d068778');
INSERT INTO public.connections (account_id, relationship_id, src_item_id, dst_item_id) VALUES ('3cf27266-3473-4006-984f-9325122678b7', '36a7d396-0368-45cc-a8d5-2fe94f4dfd52', '378ededb-98e8-4117-ac9e-2ec26d452ad8', '46c65106-ac86-4901-b348-e5d9cf9ae27c');
INSERT INTO public.connections (account_id, relationship_id, src_item_id, dst_item_id) VALUES ('3cf27266-3473-4006-984f-9325122678b7', 'fc51987f-a1a2-442b-8c0e-9460f716caed', 'bba8afb4-fa7e-469c-a47e-735934f1ea8b', 'bec62442-fd09-4203-bb5e-136cd43ca14e');
INSERT INTO public.connections (account_id, relationship_id, src_item_id, dst_item_id) VALUES ('3cf27266-3473-4006-984f-9325122678b7', 'e7e05fd5-513b-4241-a7a1-8bb043e78992', 'c5cd2eee-03c6-4af8-99f2-69081d068778', 'ce85d1db-1ed4-4f65-be2d-b8f26ab1ee3d');
INSERT INTO public.connections (account_id, relationship_id, src_item_id, dst_item_id) VALUES ('3cf27266-3473-4006-984f-9325122678b7', 'edfc6b98-02ea-41db-88a9-2e24921dc5f3', 'bba8afb4-fa7e-469c-a47e-735934f1ea8b', '378ededb-98e8-4117-ac9e-2ec26d452ad8');
INSERT INTO public.connections (account_id, relationship_id, src_item_id, dst_item_id) VALUES ('3cf27266-3473-4006-984f-9325122678b7', 'c33cec67-5544-4406-aa47-15f42250efb1', 'bba8afb4-fa7e-469c-a47e-735934f1ea8b', 'c5cd2eee-03c6-4af8-99f2-69081d068778');


--
-- Data for Name: darwin_migrations; Type: TABLE DATA; Schema: public; Owner: postgres
--

INSERT INTO public.darwin_migrations (id, version, description, checksum, applied_at, execution_time) VALUES (1, 1, 'Add accounts', '68f14cc08160e9d40407026861cf604b', 1609497850, 7995539);
INSERT INTO public.darwin_migrations (id, version, description, checksum, applied_at, execution_time) VALUES (2, 2, 'Add users', '896902e3246261a4dd4f6cd38d5221bc', 1609497850, 4190372);
INSERT INTO public.darwin_migrations (id, version, description, checksum, applied_at, execution_time) VALUES (3, 3, 'Add teams', '942f94590f2c9652b02eadd180e23029', 1609497850, 4358224);
INSERT INTO public.darwin_migrations (id, version, description, checksum, applied_at, execution_time) VALUES (4, 4, 'Add entities', 'ccbb1cc8a4379ed053edd35ac85e5d0c', 1609497894, 7098242);
INSERT INTO public.darwin_migrations (id, version, description, checksum, applied_at, execution_time) VALUES (5, 5, 'Add items', '06037ce47e65f177a4219c203e572a97', 1609497894, 5363563);
INSERT INTO public.darwin_migrations (id, version, description, checksum, applied_at, execution_time) VALUES (6, 6, 'Add flows', 'a8db09c03de01e646c34640d6d2281c1', 1609497894, 7979568);
INSERT INTO public.darwin_migrations (id, version, description, checksum, applied_at, execution_time) VALUES (7, 7, 'Add nodes', '8ba17539208c8d53f3414adc02c45089', 1609497894, 6623066);
INSERT INTO public.darwin_migrations (id, version, description, checksum, applied_at, execution_time) VALUES (8, 8, 'Add active_flows', '4150da24edf33db515d623428fb3fc26', 1609497894, 4046394);
INSERT INTO public.darwin_migrations (id, version, description, checksum, applied_at, execution_time) VALUES (9, 9, 'Add active_nodes', '64df0f3070f977e633413c91626b62e3', 1609497894, 2992151);
INSERT INTO public.darwin_migrations (id, version, description, checksum, applied_at, execution_time) VALUES (10, 10, 'Add relationships', '0e08804f6c22b71fbf8bd7d06d067e1c', 1609497894, 3941443);
INSERT INTO public.darwin_migrations (id, version, description, checksum, applied_at, execution_time) VALUES (11, 11, 'Add connections', '2e1427c73b7b6996b3d701bf62f344b2', 1609497894, 2201635);


--
-- Name: darwin_migrations_id_seq; Type: SEQUENCE SET; Schema: public; Owner: postgres
--

SELECT pg_catalog.setval('public.darwin_migrations_id_seq', 11, true);


--
-- Data for Name: relationships; Type: TABLE DATA; Schema: public; Owner: postgres
--

INSERT INTO public.relationships (relationship_id, account_id, src_entity_id, dst_entity_id, field_id, type) VALUES ('d833e7c4-0e5f-4d65-9ea8-aeb6b699e49e', '3cf27266-3473-4006-984f-9325122678b7', 'ded73f19-06e9-4229-a155-cdb7f04bd004', 'fa8cb38e-e587-40be-abb8-48351df0e939', 'uuid-00-status', 0);
INSERT INTO public.relationships (relationship_id, account_id, src_entity_id, dst_entity_id, field_id, type) VALUES ('012f5c3d-e60c-41c4-aaec-42b0135c053c', '3cf27266-3473-4006-984f-9325122678b7', 'ded73f19-06e9-4229-a155-cdb7f04bd004', '29a4d91c-b114-4e48-855a-fbbfaae66d0f', 'uuid-00-owner', 0);
INSERT INTO public.relationships (relationship_id, account_id, src_entity_id, dst_entity_id, field_id, type) VALUES ('b9f0269a-e031-4c7b-adbc-c49902c2578d', '3cf27266-3473-4006-984f-9325122678b7', 'f4b0580e-3eee-457c-9907-762fbca1f223', 'ded73f19-06e9-4229-a155-cdb7f04bd004', 'uuid-00-contact', 0);
INSERT INTO public.relationships (relationship_id, account_id, src_entity_id, dst_entity_id, field_id, type) VALUES ('75f4e139-7f87-4532-baed-872edc48acf0', '3cf27266-3473-4006-984f-9325122678b7', 'f4b0580e-3eee-457c-9907-762fbca1f223', 'fa8cb38e-e587-40be-abb8-48351df0e939', 'uuid-00-status', 0);
INSERT INTO public.relationships (relationship_id, account_id, src_entity_id, dst_entity_id, field_id, type) VALUES ('36a7d396-0368-45cc-a8d5-2fe94f4dfd52', '3cf27266-3473-4006-984f-9325122678b7', '76c6fc10-282b-4efd-85a6-b8d5d6dd3ecf', 'ded73f19-06e9-4229-a155-cdb7f04bd004', 'uuid-00-contacts', 0);
INSERT INTO public.relationships (relationship_id, account_id, src_entity_id, dst_entity_id, field_id, type) VALUES ('fc51987f-a1a2-442b-8c0e-9460f716caed', '3cf27266-3473-4006-984f-9325122678b7', '2b66ceac-513f-4e0d-b1cd-7cc6d5acf36f', 'fa8cb38e-e587-40be-abb8-48351df0e939', 'uuid-00-status', 0);
INSERT INTO public.relationships (relationship_id, account_id, src_entity_id, dst_entity_id, field_id, type) VALUES ('e7e05fd5-513b-4241-a7a1-8bb043e78992', '3cf27266-3473-4006-984f-9325122678b7', 'ded73f19-06e9-4229-a155-cdb7f04bd004', 'c50ea109-8a25-4252-9491-abbda00f2c31', '00000000-0000-0000-0000-000000000000', 1);
INSERT INTO public.relationships (relationship_id, account_id, src_entity_id, dst_entity_id, field_id, type) VALUES ('e7e05fd5-513b-4241-a7a1-8bb043e78992', '3cf27266-3473-4006-984f-9325122678b7', 'c50ea109-8a25-4252-9491-abbda00f2c31', 'ded73f19-06e9-4229-a155-cdb7f04bd004', '00000000-0000-0000-0000-000000000000', 1);
INSERT INTO public.relationships (relationship_id, account_id, src_entity_id, dst_entity_id, field_id, type) VALUES ('edfc6b98-02ea-41db-88a9-2e24921dc5f3', '3cf27266-3473-4006-984f-9325122678b7', '2b66ceac-513f-4e0d-b1cd-7cc6d5acf36f', '76c6fc10-282b-4efd-85a6-b8d5d6dd3ecf', '00000000-0000-0000-0000-000000000000', 1);
INSERT INTO public.relationships (relationship_id, account_id, src_entity_id, dst_entity_id, field_id, type) VALUES ('edfc6b98-02ea-41db-88a9-2e24921dc5f3', '3cf27266-3473-4006-984f-9325122678b7', '76c6fc10-282b-4efd-85a6-b8d5d6dd3ecf', '2b66ceac-513f-4e0d-b1cd-7cc6d5acf36f', '00000000-0000-0000-0000-000000000000', 1);
INSERT INTO public.relationships (relationship_id, account_id, src_entity_id, dst_entity_id, field_id, type) VALUES ('c33cec67-5544-4406-aa47-15f42250efb1', '3cf27266-3473-4006-984f-9325122678b7', '2b66ceac-513f-4e0d-b1cd-7cc6d5acf36f', 'ded73f19-06e9-4229-a155-cdb7f04bd004', '00000000-0000-0000-0000-000000000000', 1);
INSERT INTO public.relationships (relationship_id, account_id, src_entity_id, dst_entity_id, field_id, type) VALUES ('c33cec67-5544-4406-aa47-15f42250efb1', '3cf27266-3473-4006-984f-9325122678b7', 'ded73f19-06e9-4229-a155-cdb7f04bd004', '2b66ceac-513f-4e0d-b1cd-7cc6d5acf36f', '00000000-0000-0000-0000-000000000000', 1);


--
-- Data for Name: users; Type: TABLE DATA; Schema: public; Owner: postgres
--

INSERT INTO public.users (user_id, account_ids, name, avatar, email, phone, verified, roles, password_hash, provider, issued_at, created_at, updated_at) VALUES ('45b5fbd3-755f-4379-8f07-a58d4a30fa2f', '{3cf27266-3473-4006-984f-9325122678b7}', 'vijay', 'http://gravatar/vj', 'vijayasankarj@gmail.com', '9940209164', true, '{USER}', 'Zyg2U2ogVEafE7aaXXeQpYsI9G33', 'firebase', '2019-11-20 00:00:00', '2019-11-20 00:00:00', 1574239364000);
INSERT INTO public.users (user_id, account_ids, name, avatar, email, phone, verified, roles, password_hash, provider, issued_at, created_at, updated_at) VALUES ('55b5fbd3-755f-4379-8f07-a58d4a30fa2f', '{3cf27266-3473-4006-984f-9325122678b7}', 'senthil', 'http://gravatar/vj', 'sksenthilkumaar@gmail.com', '9940209164', true, '{USER}', 'sk_replacetokenhere', 'firebase', '2019-11-20 00:00:00', '2019-11-20 00:00:00', 1574239364000);
INSERT INTO public.users (user_id, account_ids, name, avatar, email, phone, verified, roles, password_hash, provider, issued_at, created_at, updated_at) VALUES ('65b5fbd3-755f-4379-8f07-a58d4a30fa2f', '{3cf27266-3473-4006-984f-9325122678b7}', 'saravana', 'http://gravatar/vj', 'saravanaprakas@gmail.com', '9940209164', true, '{USER}', 'sexy_replacetokenhere', 'firebase', '2019-11-20 00:00:00', '2019-11-20 00:00:00', 1574239364000);
INSERT INTO public.users (user_id, account_ids, name, avatar, email, phone, verified, roles, password_hash, provider, issued_at, created_at, updated_at) VALUES ('5cf37266-3473-4006-984f-9325122678b7', '{3cf27266-3473-4006-984f-9325122678b7}', 'vijayasankar', 'http://gravatar/vj', 'vijayasankarmail@gmail.com', '9944293499', true, '{ADMIN,USER}', 'MYmfEIgwFYWrlKaDNJ0O3UNJSPg2', 'firebase', '2019-11-20 00:00:00', '2019-11-20 00:00:00', 1609760492);


--
-- PostgreSQL database dump complete
--

